1443769449,  47581, 694982.305, 1153, 414, 76
1443769450,  47581, 694983.486, 674, 1153, 65
1443769457,  47581, 694990.311, 9874, 674, 11
1443769463,  47581, 694996.292, 6000, 9874, 7
1443769469,  47581, 695002.297, 6000, 6000, 10
1443769473,  47581, 695006.311, 3337, 510, 31
1443769473,  47581, 695006.493, 6000, 6000, 10
1443769475,  47581, 695008.491, 6000, 6000, 10
1443769481,  47581, 695014.31, 6000, 6000, 10
1443769487,  47581, 695020.895, 6000, 6000, 10
1443769493,  47581, 695026.513, 6000, 6000, 10
1443769495,  47581, 695028.691, 22542, 6000, 4
1443769496,  47581, 695029.296, 44464, 22542, 1
1443769500,  47581, 695033.097, 623, 630, 95
1443769607,  47581, 695140.098, 6000, 6000, 10
1443769610,  47581, 695143.303, 6000, 6000, 10
1443769610,  48202, 695143.686, 6000, 6000, 10
1443769610,  47581, 695143.909, 6000, 6000, 10
1443769611,  48202, 695144.494, 6000, 6000, 10
1443769611,  47581, 695144.515, 6000, 6000, 10
1443769611,  48202, 695144.688, 6000, 6000, 10
1443769611,  47581, 695144.91, 6000, 6000, 10
1443769612,  48202, 695145.092, 6000, 6000, 10
1443769612,  47581, 695145.113, 6000, 6000, 10
1443769612,  48202, 695145.295, 6000, 6000, 10
1443769612,  47581, 695145.508, 6000, 6000, 10
1443769612,  48202, 695145.891, 6000, 6000, 10
1443769613,  47581, 695146.315, 6000, 6000, 10
1443769613,  48202, 695146.891, 6000, 6000, 10
1443769613,  47581, 695146.911, 6000, 6000, 10
1443769614,  48202, 695147.487, 6000, 6000, 10
1443769614,  47581, 695147.709, 6000, 6000, 10
1443769614,  48202, 695147.891, 6000, 6000, 10
1443769614,  47581, 695147.912, 6000, 6000, 10
1443769615,  48202, 695148.295, 6000, 6000, 10
1443769615,  47581, 695148.315, 6000, 6000, 10
1443769615,  48202, 695148.487, 6000, 6000, 10
1443769615,  47581, 695148.729, 6000, 6000, 10
1443769616,  48202, 695149.093, 6000, 6000, 10
1443769616,  47581, 695149.517, 6000, 6000, 10
1443769616,  48202, 695149.689, 6000, 6000, 10
1443769616,  47581, 695149.709, 6000, 6000, 10
1443769617,  48202, 695150.093, 6000, 6000, 10
1443769617,  47581, 695150.114, 6000, 6000, 10
1443769617,  48202, 695150.891, 6000, 6000, 10
1443769617,  47581, 695150.912, 6000, 6000, 10
1443769618,  48202, 695151.295, 6000, 6000, 10
1443769618,  47581, 695151.316, 6000, 6000, 10
1443769618,  48202, 695151.488, 6000, 6000, 10
1443769618,  47581, 695151.71, 6000, 6000, 10
1443769618,  48202, 695151.892, 6000, 6000, 10
1443769618,  47581, 695151.913, 6000, 6000, 10
1443769619,  48202, 695152.296, 6000, 6000, 10
1443769619,  47581, 695152.317, 6000, 6000, 10
1443769619,  48202, 695152.49, 6000, 6000, 10
1443769619,  47581, 695152.712, 6000, 6000, 10
1443769620,  48202, 695153.096, 6000, 6000, 10
1443769620,  47581, 695153.309, 6000, 6000, 10
1443769620,  48202, 695153.692, 6000, 6000, 10
1443769621,  47581, 695154.499, 6000, 6000, 10
1443769621,  48202, 695154.691, 6000, 6000, 10
1443769622,  48202, 695155.711, 5999, 6000, 10
1443769622,  47581, 695155.732, 6000, 6000, 10
1443769623,  48202, 695156.106, 5999, 6000, 10
1443769623,  47581, 695156.127, 6000, 6000, 10
1443769623,  48202, 695156.299, 5999, 6000, 10
1443769623,  47581, 695156.511, 6000, 6000, 10
1443769623,  48202, 695156.894, 5999, 6000, 10
1443769623,  47581, 695156.915, 6000, 6000, 10
1443769624,  48202, 695157.087, 5999, 6000, 10
1443769624,  47581, 695157.53, 6000, 6000, 10
1443769624,  48202, 695157.904, 5999, 6000, 10
1443769624,  47581, 695157.925, 6000, 6000, 10
1443769625,  48202, 695158.096, 5999, 6000, 10
1443769625,  47581, 695158.319, 6000, 6000, 10
1443769625,  48202, 695158.491, 5999, 6000, 10
1443769625,  47581, 695158.511, 6000, 6000, 10
1443769625,  48202, 695158.694, 5999, 6000, 10
1443769626,  47581, 695159.098, 6000, 6000, 10
1443769626,  48202, 695159.29, 5999, 6000, 10
1443769626,  47581, 695159.311, 6000, 6000, 10
1443769626,  48202, 695159.695, 5999, 6000, 10
1443769627,  47581, 695160.31, 6000, 6000, 10
1443769627,  48202, 695160.693, 5999, 6000, 10
1443769628,  47581, 695161.107, 6000, 6000, 10
1443769628,  48202, 695161.289, 5999, 6000, 10
1443769628,  47581, 695161.309, 6000, 6000, 10
1443769628,  48202, 695161.692, 6000, 5999, 10
1443769628,  47581, 695161.713, 6000, 6000, 10
1443769628,  48202, 695161.895, 6000, 5999, 10
1443769629,  47581, 695162.108, 6000, 6000, 10
1443769629,  48202, 695162.492, 6000, 5999, 10
1443769629,  47581, 695162.512, 6000, 6000, 10
1443769629,  48202, 695162.694, 6000, 5999, 10
1443769629,  47581, 695162.917, 6000, 6000, 10
1443769630,  48202, 695163.089, 6000, 5999, 10
1443769630,  47581, 695163.109, 6000, 6000, 10
1443769630,  48202, 695163.492, 6000, 5999, 10
1443769630,  47581, 695163.513, 6000, 6000, 10
1443769630,  48202, 695163.695, 6000, 5999, 10
1443769630,  47581, 695163.937, 6000, 6000, 10
1443769631,  48202, 695164.291, 6000, 5999, 10
1443769631,  47581, 695164.534, 6000, 6000, 10
1443769631,  48202, 695164.907, 6000, 5999, 10
1443769631,  47581, 695164.928, 6000, 6000, 10
1443769632,  48202, 695165.291, 6000, 5999, 10
1443769632,  47581, 695165.312, 6000, 6000, 10
1443769632,  48202, 695165.494, 6000, 5999, 10
1443769632,  47581, 695165.716, 6000, 6000, 10
1443769632,  48202, 695165.887, 6000, 5999, 10
1443769632,  47581, 695165.908, 6000, 6000, 10
1443769633,  48202, 695166.09, 6000, 5999, 10
1443769634,  48202, 695167.693, 6000, 6000, 10
1443769640,  48202, 695173.695, 6000, 6000, 10
1443769644,  48202, 695177.691, 53771, 508, 2
1443769644,  48202, 695177.913, 6000, 6000, 10
1443769646,  48202, 695179.517, 6000, 6000, 10
1443769723,  48202, 67.11, 1061, 1024, 57
1443769724,  48202, 68.906, 629, 1061, 71
1443769726,  48202, 70.328, 3104, 629, 32
1443769726,  48202, 70.933, 1246, 3104, 27
1443769729,  48202, 73.314, 639, 1246, 63
1443769729,  48202, 73.93, 2568, 639, 37
1443769730,  48202, 74.505, 630, 2568, 37
1443769731,  48202, 75.504, 636, 630, 94
1443769732,  48202, 76.927, 696, 636, 90
1443769733,  48202, 77.331, 1422, 696, 56
1443769734,  48202, 78.733, 681, 1422, 57
1443769736,  48202, 80.712, 1328, 681, 59
1443769737,  48202, 81.529, 1951, 1328, 36
1443769738,  48202, 82.105, 628, 1951, 46
1443769739,  48202, 83.306, 620, 628, 96
1443769739,  48202, 83.911, 1252, 620, 64
1443769740,  48202, 84.527, 643, 1252, 63
1443769741,  48202, 85.133, 627, 643, 94
1443769743,  48202, 87.533, 616, 627, 96
1443769744,  48202, 88.129, 2461, 616, 39
1443769744,  48202, 88.907, 608, 2461, 39
1443769745,  48202, 89.511, 596, 608, 99
1443769745,  48202, 89.905, 597, 596, 100
1443769746,  48202, 90.733, 597, 597, 100
1443769747,  48202, 91.328, 53771, 508, 2
1443769747,  48202, 91.712, 591, 597, 101
1443769748,  48202, 92.328, 1193, 591, 67
1443769749,  48202, 93.115, 598, 1193, 67
1443769749,  48202, 93.508, 588, 598, 101
1443769750,  48202, 94.114, 593, 588, 101
1443769750,  48202, 94.73, 601, 593, 100
1443769751,  48202, 95.507, 610, 601, 99
1443769751,  48202, 95.91, 599, 610, 99
1443769753,  48202, 97.313, 598, 599, 100
1443769753,  48202, 97.706, 1183, 598, 67
1443769754,  48202, 98.533, 596, 1183, 67
1443769755,  48202, 99.108, 609, 596, 99
1443769755,  48202, 99.532, 631, 609, 96
1443769756,  48202, 100.107, 640, 631, 94
1443769756,  48202, 100.935, 651, 640, 93
1443769757,  48202, 101.529, 657, 651, 91
1443769758,  48202, 102.306, 656, 657, 91
1443769758,  48202, 102.912, 623, 656, 93
1443769759,  48202, 103.306, 607, 623, 97
1443769760,  48202, 104.133, 621, 607, 97
1443769760,  48202, 104.708, 605, 621, 97
1443769761,  48202, 105.132, 589, 605, 100
1443769761,  48202, 105.708, 575, 589, 103
1443769762,  48202, 106.534, 568, 575, 105
1443769762,  48202, 106.908, 560, 568, 106
1443769763,  48202, 107.514, 550, 560, 108
1443769763,  48202, 107.908, 544, 550, 109
1443769764,  48202, 108.513, 538, 544, 110
1443769764,  48202, 108.907, 543, 538, 111
1443769765,  48202, 109.734, 555, 543, 109
1443769766,  48202, 110.33, 568, 555, 106
1443769766,  48202, 110.713, 585, 568, 104
1443769767,  48202, 111.531, 607, 585, 100
1443769768,  48202, 112.107, 628, 607, 97
1443769768,  48202, 112.531, 609, 628, 97
1443769769,  48202, 113.308, 616, 609, 98
1443769770,  48202, 114.307, 669, 616, 93
1443769770,  48202, 114.913, 801, 669, 81
1443769771,  48202, 115.911, 780, 801, 75
1443769772,  48202, 116.335, 769, 780, 77
1443769773,  48202, 117.112, 749, 769, 79
1443769774,  48202, 118.131, 773, 749, 78
1443769774,  48202, 118.736, 789, 773, 76
1443769775,  48202, 119.513, 789, 789, 76
1443769776,  48202, 120.513, 777, 789, 76
1443769776,  48202, 120.907, 757, 777, 78
1443769778,  48202, 122.714, 747, 749, 80
1443769779,  48202, 123.713, 773, 747, 78
1443769780,  48202, 124.107, 756, 773, 78
1443769780,  48202, 124.935, 745, 756, 80
1443769781,  48202, 125.934, 779, 745, 78
1443769782,  48202, 126.51, 817, 779, 75
1443769783,  48202, 127.308, 784, 817, 75
1443769783,  48202, 127.732, 707, 784, 80
1443769784,  48202, 128.71, 671, 707, 87
1443769784,  48202, 128.932, 674, 671, 89
1443769785,  48202, 129.709, 652, 674, 90
1443769786,  48202, 130.113, 619, 652, 94
1443769787,  48202, 131.131, 664, 619, 93
1443769787,  48202, 131.515, 543, 664, 99
1443769788,  48202, 132.13, 589, 543, 106
1443769788,  48202, 132.907, 583, 589, 102
1443769789,  48202, 133.331, 588, 583, 102
1443769789,  48202, 133.936, 591, 588, 101
1443769790,  48202, 134.531, 596, 591, 101
1443769791,  48202, 135.308, 601, 596, 100
1443769791,  48202, 135.712, 598, 601, 100
1443769792,  48202, 136.308, 601, 598, 100
1443769793,  48202, 137.115, 608, 601, 99
1443769793,  48202, 137.53, 616, 608, 98
1443769794,  48202, 138.135, 632, 616, 96
1443769794,  48202, 138.932, 637, 632, 94
1443769795,  48202, 139.508, 644, 637, 93
1443769796,  48202, 140.335, 656, 644, 92
1443769796,  48202, 140.93, 669, 656, 90
1443769797,  48202, 141.708, 671, 669, 89
1443769798,  48202, 142.313, 662, 671, 90
1443769798,  48202, 142.707, 656, 662, 91
1443769799,  48202, 143.535, 655, 656, 91
1443769800,  48202, 144.11, 654, 655, 91
1443769800,  48202, 144.716, 644, 654, 92
1443769801,  48202, 145.332, 636, 644, 93
1443769801,  48202, 145.908, 634, 636, 94
1443769802,  48202, 146.937, 644, 634, 93
1443769803,  48202, 147.311, 638, 644, 93
1443769803,  48202, 147.916, 647, 638, 93
1443769804,  48202, 148.532, 641, 647, 93
1443769805,  48202, 149.309, 652, 641, 92
1443769806,  48202, 150.115, 663, 652, 91
1443769806,  48202, 150.51, 657, 663, 90
1443769807,  48202, 151.337, 54027, 508, 2
1443769807,  48202, 151.509, 646, 657, 92
1443769807,  48202, 151.933, 626, 646, 94
1443769808,  48202, 152.317, 620, 626, 96
1443769808,  48202, 152.931, 614, 620, 97
1443769809,  48202, 153.708, 603, 614, 98
1443769810,  48202, 154.314, 605, 603, 99
1443769811,  48202, 155.132, 600, 605, 99
1443769811,  48202, 155.737, 610, 600, 99
1443769812,  48202, 156.11, 626, 610, 97
1443769812,  48202, 156.938, 651, 626, 94
1443769813,  48202, 157.533, 660, 651, 91
1443769814,  48202, 158.138, 652, 660, 91
1443769814,  48202, 158.733, 654, 652, 91
1443769815,  48202, 159.309, 648, 654, 92
1443769815,  48202, 159.914, 642, 648, 93
1443769816,  48202, 160.71, 636, 642, 93
1443769817,  48202, 161.316, 619, 636, 95
1443769817,  48202, 161.932, 620, 619, 96
1443769818,  48202, 162.538, 610, 620, 97
1443769819,  48202, 163.133, 604, 610, 98
1443769819,  48202, 163.737, 606, 604, 99
1443769820,  48202, 164.333, 606, 606, 99
1443769820,  48202, 164.938, 624, 606, 97
1443769821,  48202, 165.534, 631, 624, 95
1443769822,  48202, 166.109, 640, 631, 94
1443769823,  48202, 167.138, 632, 640, 94
1443769823,  48202, 167.733, 630, 632, 95
1443769824,  48202, 168.116, 634, 630, 94
1443769824,  48202, 168.712, 632, 634, 94
1443769825,  48202, 169.317, 627, 632, 95
1443769825,  48202, 169.932, 619, 627, 96
1443769826,  48202, 170.538, 609, 619, 97
1443769827,  48202, 171.134, 614, 609, 98
1443769827,  48202, 171.71, 617, 614, 97
1443769828,  48202, 172.315, 618, 617, 97
1443769828,  48202, 172.91, 611, 618, 97
1443769829,  48202, 173.717, 609, 611, 98
1443769830,  48202, 174.312, 627, 609, 97
1443769830,  48202, 174.917, 633, 627, 95
1443769831,  48202, 175.532, 636, 633, 94
1443769832,  48202, 176.137, 634, 636, 94
1443769832,  48202, 176.913, 619, 634, 95
1443769833,  48202, 177.317, 618, 619, 97
1443769833,  48202, 177.933, 613, 618, 97
1443769834,  48202, 178.739, 607, 613, 98
1443769835,  48202, 179.335, 605, 607, 99
1443769835,  48202, 179.739, 605, 605, 99
1443769836,  48202, 180.536, 602, 605, 99
1443769837,  48202, 181.112, 611, 602, 99
1443769837,  48202, 181.717, 627, 611, 96
1443769838,  48202, 182.534, 638, 627, 94
1443769838,  48202, 182.938, 629, 638, 94
1443769839,  48202, 183.533, 630, 629, 95
1443769839,  48202, 183.916, 645, 630, 94
1443769840,  48202, 184.916, 644, 645, 93
1443769841,  48202, 185.734, 657, 644, 92
1443769842,  48202, 186.117, 655, 657, 91
1443769842,  48202, 186.712, 647, 655, 92
1443769843,  48202, 187.711, 618, 647, 94
1443769844,  48202, 188.135, 613, 618, 97
1443769844,  48202, 188.54, 587, 613, 100
1443769845,  48202, 189.136, 578, 587, 103
1443769845,  48202, 189.912, 568, 578, 104
1443769846,  48202, 190.316, 564, 568, 106
1443769846,  48202, 190.933, 558, 564, 106
1443769847,  48202, 191.316, 552, 558, 108
1443769847,  48202, 191.911, 550, 552, 108
1443769848,  48202, 192.517, 542, 550, 109
1443769849,  48202, 193.113, 536, 542, 111
1443769849,  48202, 193.536, 535, 536, 112
1443769850,  48202, 194.112, 534, 535, 112
1443769850,  48202, 194.536, 537, 534, 112
1443769851,  48202, 195.111, 531, 537, 112
1443769851,  48202, 195.717, 540, 531, 112
1443769852,  48202, 196.313, 582, 540, 106
1443769852,  48202, 196.919, 637, 582, 98
1443769853,  48202, 197.917, 640, 637, 94
1443769854,  48202, 198.735, 699, 640, 89
1443769855,  48202, 199.119, 769, 699, 81
1443769856,  48202, 200.118, 757, 769, 78
1443769856,  48202, 200.714, 728, 757, 80
1443769857,  48202, 201.511, 743, 728, 81
1443769858,  48202, 202.117, 751, 743, 80
1443769858,  48202, 202.913, 697, 751, 82
1443769859,  48202, 203.519, 658, 697, 88
1443769860,  48202, 204.114, 626, 658, 93
1443769860,  48202, 204.719, 658, 626, 93
1443769861,  48202, 205.334, 669, 658, 90
1443769861,  48202, 205.717, 472, 669, 105
1443769862,  48202, 206.121, 589, 472, 113
1443769862,  48202, 206.939, 333, 589, 130
1443769863,  48202, 207.514, 680, 333, 118
1443769864,  48202, 208.513, 698, 680, 87
1443769864,  48202, 208.936, 704, 698, 85
1443769865,  48202, 209.714, 678, 704, 86
1443769866,  48202, 210.319, 664, 678, 89
1443769866,  48202, 210.934, 662, 664, 90
1443769867,  48202, 211.318, 54283, 508, 2
1443769867,  48202, 211.54, 667, 662, 90
1443769868,  48202, 212.519, 669, 667, 89
1443769869,  48202, 213.115, 671, 669, 89
1443769869,  48202, 213.538, 671, 671, 89
1443769870,  48202, 214.538, 683, 671, 88
1443769870,  48202, 214.941, 691, 683, 87
1443769871,  48202, 215.92, 694, 691, 86
1443769872,  48202, 216.314, 685, 694, 87
1443769873,  48202, 217.141, 673, 685, 88
1443769873,  48202, 217.736, 662, 673, 89
1443769874,  48202, 218.312, 661, 662, 90
1443769874,  48202, 218.918, 643, 661, 92
1443769875,  48202, 219.513, 637, 643, 93
1443769876,  48202, 220.118, 629, 637, 94
1443769876,  48202, 220.915, 612, 629, 96
1443769877,  48202, 221.521, 605, 612, 98
1443769877,  48202, 221.915, 603, 605, 99
1443769878,  48202, 222.713, 601, 603, 99
1443769879,  48202, 223.319, 597, 601, 100
1443769879,  48202, 223.713, 599, 597, 100
1443769880,  48202, 224.318, 594, 599, 100
1443769881,  48202, 225.116, 592, 594, 101
1443769881,  48202, 225.54, 589, 592, 101
1443769882,  48202, 226.115, 585, 589, 102
1443769882,  48202, 226.72, 582, 585, 102
1443769883,  48202, 227.538, 574, 580, 103
1443769884,  48202, 228.518, 575, 574, 104
1443769884,  48202, 228.941, 573, 575, 104
1443769885,  48202, 229.315, 569, 573, 105
1443769886,  48202, 230.142, 563, 569, 106
1443769886,  48202, 230.738, 569, 563, 106
1443769887,  48202, 231.516, 563, 569, 106
1443769887,  48202, 231.738, 563, 563, 106
1443769888,  48202, 232.343, 562, 563, 106
1443769888,  48202, 232.938, 560, 562, 106
1443769889,  48202, 233.513, 558, 560, 107
1443769890,  48202, 234.32, 563, 558, 107
1443769890,  48202, 234.543, 554, 563, 107
1443769891,  48202, 235.339, 561, 554, 107
1443769891,  48202, 235.713, 557, 561, 107
1443769892,  48202, 236.318, 557, 557, 107
1443769893,  48202, 237.115, 557, 558, 107
1443769893,  48202, 237.943, 549, 557, 108
1443769894,  48202, 238.538, 554, 549, 108
1443769895,  48202, 239.144, 555, 554, 108
1443769895,  48202, 239.518, 557, 555, 107
1443769896,  48202, 240.123, 553, 557, 108
1443769896,  48202, 240.941, 577, 553, 106
1443769897,  48202, 241.315, 578, 577, 103
1443769897,  48202, 241.92, 573, 578, 104
1443769898,  48202, 242.313, 570, 573, 105
1443769898,  48202, 242.919, 475, 570, 114
1443769899,  48202, 243.515, 660, 475, 105
1443769900,  48202, 244.121, 565, 660, 98
1443769900,  48202, 244.736, 563, 565, 106
1443769901,  48202, 245.342, 566, 563, 106
1443769901,  48202, 245.938, 554, 566, 107
1443769902,  48202, 246.514, 566, 554, 107
1443769902,  48202, 246.938, 572, 566, 105
1443769903,  48202, 247.543, 576, 572, 104
1443769904,  48202, 248.34, 514, 576, 110
1443769904,  48202, 248.522, 525, 514, 115
1443769905,  48202, 249.137, 552, 525, 111
1443769905,  48202, 249.743, 526, 552, 111
1443769906,  48202, 250.117, 432, 526, 125
1443769906,  48202, 250.723, 485, 432, 131
1443769907,  48202, 251.116, 465, 485, 126
1443769907,  48202, 251.924, 595, 465, 113
1443769908,  48202, 252.54, 573, 595, 102
1443769908,  48202, 252.924, 592, 573, 103
1443769909,  48202, 253.52, 583, 592, 102
1443769909,  48202, 253.944, 565, 583, 104
1443769910,  48202, 254.721, 562, 565, 106
1443769911,  48202, 255.316, 551, 562, 107
1443769911,  48202, 255.741, 543, 551, 109
1443769912,  48202, 256.114, 536, 543, 111
1443769912,  48202, 256.942, 552, 536, 110
1443769913,  48202, 257.517, 586, 552, 105
1443769913,  48202, 257.942, 591, 586, 102
1443769914,  48202, 258.517, 583, 591, 102
1443769915,  48202, 259.315, 571, 583, 103
1443769915,  48202, 259.739, 556, 571, 106
1443769916,  48202, 260.344, 555, 556, 108
1443769916,  48202, 260.717, 555, 555, 108
1443769917,  48202, 261.323, 561, 555, 107
1443769917,  48202, 261.938, 567, 561, 106
1443769918,  48202, 262.544, 597, 567, 103
1443769919,  48202, 263.14, 633, 597, 97
1443769919,  48202, 263.715, 657, 633, 93
1443769920,  48202, 264.321, 628, 657, 93
1443769921,  48202, 265.34, 619, 628, 96
1443769921,  48202, 265.915, 645, 619, 94
1443769922,  48202, 266.339, 670, 645, 91
1443769923,  48202, 267.318, 669, 670, 89
1443769923,  48202, 267.722, 643, 669, 91
1443769924,  48202, 268.339, 630, 643, 94
1443769924,  48202, 268.722, 638, 630, 94
1443769925,  48202, 269.116, 321, 638, 125
1443769925,  48202, 269.52, 308, 321, 191
1443769926,  48202, 270.54, 679, 308, 121
1443769926,  48202, 270.924, 644, 679, 90
1443769927,  48202, 271.115, 54539, 508, 2
1443769927,  48202, 271.539, 365, 640, 119
1443769927,  48202, 271.944, 283, 365, 185
1443769928,  48202, 272.317, 311, 283, 202
1443769928,  48202, 272.922, 502, 311, 147
1443769929,  48202, 273.739, 651, 471, 106
1443769930,  48202, 274.345, 286, 651, 128
1443769930,  48202, 274.718, 355, 286, 187
1443769931,  48202, 275.516, 620, 355, 123
1443769932,  48202, 276.121, 616, 620, 97
1443769932,  48202, 276.545, 609, 616, 98
1443769933,  48202, 277.139, 607, 609, 98
1443769933,  48202, 277.916, 600, 607, 99
1443769934,  48202, 278.34, 593, 600, 100
1443769934,  48202, 278.916, 597, 593, 100
1443769935,  48202, 279.521, 603, 597, 100
1443769936,  48202, 280.318, 615, 603, 98
1443769936,  48202, 280.721, 618, 615, 97
1443769937,  48202, 281.741, 620, 618, 96
1443769938,  48202, 282.124, 619, 620, 96
1443769938,  48202, 282.518, 627, 619, 96
1443769939,  48202, 283.344, 442, 627, 112
1443769939,  48202, 283.939, 808, 442, 96
1443769940,  48202, 284.545, 613, 808, 84
1443769941,  48202, 285.14, 609, 613, 98
1443769941,  48202, 285.746, 613, 609, 98
1443769942,  48202, 286.341, 612, 613, 98
1443769943,  48202, 287.118, 594, 612, 99
1443769943,  48202, 287.723, 594, 594, 101
1443769944,  48202, 288.117, 601, 594, 100
1443769944,  48202, 288.944, 611, 601, 99
1443769945,  48202, 289.539, 603, 611, 98
1443769945,  48202, 289.922, 600, 603, 99
1443769946,  48202, 290.518, 603, 600, 99
1443769947,  48202, 291.345, 603, 603, 99
1443769947,  48202, 291.718, 601, 603, 99
1443769948,  48202, 292.324, 594, 601, 100
1443769948,  48202, 292.939, 594, 594, 101
1443769949,  48202, 293.716, 597, 594, 100
1443769950,  48202, 294.12, 594, 597, 100
1443769950,  48202, 294.725, 596, 594, 100
1443769951,  48202, 295.542, 584, 596, 101
1443769951,  48202, 295.946, 583, 584, 102
1443769952,  48202, 296.542, 590, 583, 102
1443769953,  48202, 297.318, 599, 590, 101
1443769953,  48202, 297.923, 608, 599, 99
1443769954,  48202, 298.317, 600, 608, 99
1443769955,  48202, 299.124, 600, 600, 100
1443769955,  48202, 299.741, 600, 600, 100
1443769956,  48202, 300.125, 610, 600, 99
1443769956,  48202, 300.74, 339, 606, 127
1443769957,  48202, 301.346, 255, 339, 202
1443769957,  48202, 301.942, 589, 255, 142
1443769958,  48202, 302.518, 588, 589, 102
1443769958,  48202, 302.942, 593, 588, 101
1443769959,  48202, 303.517, 542, 593, 105
1443769959,  48202, 303.92, 568, 542, 108
1443769960,  48202, 304.345, 269, 568, 143
1443769960,  48202, 304.719, 426, 269, 172
1443769961,  48202, 305.325, 454, 426, 136
1443769961,  48202, 305.719, 430, 454, 135
1443769961,  48202, 305.942, 323, 430, 159
1443769962,  48202, 306.718, 613, 323, 128
1443769963,  48202, 307.122, 598, 613, 99
1443769963,  48202, 307.546, 505, 598, 108
1443769964,  48202, 308.142, 347, 505, 140
1443769964,  48202, 308.525, 463, 337, 150
1443769965,  48202, 309.141, 420, 463, 136
1443769965,  48202, 309.746, 295, 420, 168
1443769966,  48202, 310.342, 584, 295, 136
1443769966,  48202, 310.918, 581, 584, 103
1443769967,  48202, 311.341, 578, 581, 103
1443769968,  48202, 312.118, 573, 578, 104
1443769968,  48202, 312.542, 569, 573, 105
1443769969,  48202, 313.117, 557, 569, 106
1443769969,  48202, 313.723, 559, 557, 107
1443769970,  48202, 314.147, 560, 559, 107
1443769970,  48202, 314.742, 564, 560, 106
1443769971,  48202, 315.318, 263, 577, 142
1443769971,  48202, 315.924, 332, 263, 202
1443769972,  48202, 316.519, 597, 332, 129
1443769973,  48202, 317.125, 607, 597, 99
1443769974,  48202, 318.144, 620, 607, 97
1443769974,  48202, 318.327, 636, 620, 95
1443769975,  48202, 319.144, 599, 459, 113
1443769975,  48202, 319.719, 253, 599, 140
1443769976,  48202, 320.324, 656, 253, 132
1443769977,  48202, 321.142, 642, 656, 92
1443769977,  48202, 321.919, 638, 642, 93
1443769978,  48202, 322.322, 613, 638, 96
1443769978,  48202, 322.928, 605, 613, 98
1443769979,  48202, 323.745, 600, 605, 99
1443769980,  48202, 324.321, 587, 600, 101
1443769980,  48202, 324.725, 583, 587, 102
1443769981,  48202, 325.119, 569, 583, 104
1443769981,  48202, 325.724, 563, 569, 106
1443769982,  48202, 326.521, 553, 563, 107
1443769983,  48202, 327.127, 545, 553, 109
1443769983,  48202, 327.521, 553, 545, 109
1443769983,  48202, 327.925, 565, 553, 107
1443769984,  48202, 328.54, 567, 565, 106
1443769985,  48202, 329.348, 572, 567, 105
1443769985,  48202, 329.943, 573, 572, 104
1443769986,  48202, 330.348, 570, 573, 105
1443769986,  48202, 330.722, 560, 570, 106
1443769987,  48202, 331.146, 54795, 508, 2
1443769987,  48202, 331.328, 556, 560, 107
1443769988,  48202, 332.145, 564, 556, 107
1443769988,  48202, 332.721, 578, 564, 105
1443769989,  48202, 333.327, 600, 578, 101
1443769990,  48202, 334.125, 685, 600, 93
1443769990,  48202, 334.921, 791, 685, 81
1443769991,  48202, 335.527, 765, 791, 77
1443769992,  48202, 336.326, 730, 765, 80
1443769993,  48202, 337.144, 698, 730, 84
1443769993,  48202, 337.749, 709, 698, 85
1443769994,  48202, 338.526, 714, 709, 84
1443769994,  48202, 338.92, 692, 714, 85
1443769995,  48202, 339.919, 673, 692, 87
1443769996,  48202, 340.525, 646, 673, 91
1443769997,  48202, 341.12, 723, 646, 87
1443769997,  48202, 341.725, 739, 723, 82
1443769998,  48202, 342.744, 740, 739, 81
1443769998,  48202, 342.926, 694, 740, 83
1443769999,  48202, 343.32, 431, 694, 106
1443770000,  48202, 344.147, 282, 431, 168
1443770000,  48202, 344.743, 708, 282, 121
1443770001,  48202, 345.519, 704, 708, 84
1443770002,  48202, 346.125, 692, 704, 85
1443770002,  48202, 346.722, 646, 692, 89
1443770003,  48202, 347.326, 622, 646, 94
1443770003,  48202, 347.921, 609, 622, 97
1443770004,  48202, 348.526, 601, 609, 99
1443770005,  48202, 349.122, 612, 601, 99
1443770005,  48202, 349.728, 620, 612, 97
1443770006,  48202, 350.343, 617, 620, 97
1443770006,  48202, 350.948, 614, 617, 97
1443770007,  48202, 351.543, 619, 614, 97
1443770008,  48202, 352.522, 639, 619, 95
1443770008,  48202, 352.946, 661, 639, 92
1443770009,  48202, 353.52, 660, 661, 90
1443770010,  48202, 354.126, 653, 660, 91
1443770010,  48202, 354.721, 653, 653, 91
1443770010,  48202, 354.944, 341, 653, 120
1443770011,  48202, 355.328, 314, 341, 183
1443770011,  48202, 355.721, 322, 314, 188
1443770012,  48202, 356.327, 331, 322, 184
1443770012,  48202, 356.73, 647, 331, 122
1443770013,  48202, 357.547, 640, 647, 93
1443770014,  48202, 358.123, 633, 640, 94
1443770014,  48202, 358.729, 638, 633, 94
1443770015,  48202, 359.546, 641, 638, 93
1443770015,  48202, 359.92, 636, 641, 94
1443770016,  48202, 360.526, 626, 636, 95
1443770017,  48202, 361.323, 623, 626, 96
1443770017,  48202, 361.929, 623, 623, 96
1443770018,  48202, 362.545, 618, 623, 96
1443770019,  48202, 363.15, 618, 618, 97
1443770019,  48202, 363.745, 613, 618, 97
1443770020,  48202, 364.128, 611, 613, 98
1443770020,  48202, 364.946, 602, 611, 99
1443770021,  48202, 365.521, 601, 602, 99
1443770022,  48202, 366.329, 589, 601, 100
1443770022,  48202, 366.944, 585, 590, 102
1443770023,  48202, 367.328, 328, 585, 131
1443770023,  48202, 367.722, 254, 328, 206
1443770024,  48202, 368.328, 576, 254, 144
1443770025,  48202, 369.144, 582, 576, 103
1443770025,  48202, 369.75, 581, 582, 103
1443770026,  48202, 370.143, 580, 581, 103
1443770026,  48202, 370.951, 574, 580, 103
1443770027,  48202, 371.123, 581, 574, 103
1443770027,  48202, 371.93, 585, 581, 102
1443770028,  48202, 372.545, 587, 585, 102
1443770029,  48202, 373.121, 580, 587, 102
1443770029,  48202, 373.727, 581, 580, 103
1443770030,  48202, 374.322, 580, 581, 103
1443770030,  48202, 374.747, 579, 580, 103
1443770031,  48202, 375.523, 573, 579, 104
1443770032,  48202, 376.128, 574, 573, 104
1443770032,  48202, 376.522, 568, 574, 105
1443770033,  48202, 377.128, 565, 568, 106
1443770033,  48202, 377.522, 532, 565, 109
1443770034,  48202, 378.329, 593, 532, 106
1443770034,  48202, 378.551, 570, 593, 103
1443770035,  48202, 379.348, 574, 570, 104
1443770035,  48202, 379.924, 576, 574, 104
1443770036,  48202, 380.53, 576, 576, 104
1443770037,  48202, 381.146, 575, 576, 104
1443770037,  48202, 381.751, 589, 575, 103
1443770038,  48202, 382.346, 590, 589, 101
1443770038,  48202, 382.73, 580, 590, 102
1443770039,  48202, 383.144, 579, 580, 103
1443770039,  48202, 383.951, 576, 579, 103
1443770040,  48202, 384.547, 580, 576, 103
1443770040,  48202, 384.93, 472, 580, 114
1443770041,  48202, 385.545, 500, 472, 123
1443770042,  48202, 386.151, 587, 500, 110
1443770042,  48202, 386.928, 664, 587, 96
1443770043,  48202, 387.322, 655, 664, 91
1443770043,  48202, 387.746, 583, 655, 96
1443770044,  48202, 388.129, 369, 583, 126
1443770044,  48202, 388.522, 369, 369, 162
1443770045,  48202, 389.551, 470, 369, 143
1443770045,  48202, 389.925, 614, 470, 110
1443770046,  48202, 390.53, 615, 614, 97
1443770047,  48202, 391.73, 595, 612, 99
1443770048,  48202, 392.345, 585, 595, 101
1443770048,  48202, 392.729, 570, 585, 103
1443770049,  48202, 393.324, 561, 570, 106
1443770050,  48202, 394.123, 595, 561, 103
1443770051,  48202, 395.525, 624, 616, 96
1443770052,  48202, 396.322, 624, 624, 96
1443770053,  48202, 397.522, 607, 619, 97
1443770053,  48202, 397.946, 590, 607, 100
1443770055,  48202, 399.328, 595, 583, 101
1443770055,  48202, 399.55, 631, 595, 97
1443770056,  48202, 400.348, 713, 631, 89
1443770057,  48202, 401.125, 783, 713, 80
1443770058,  48202, 402.124, 736, 783, 79
1443770058,  48202, 402.548, 729, 736, 81
1443770059,  48202, 403.548, 766, 729, 80
1443770060,  48202, 404.325, 732, 766, 80
1443770060,  48202, 404.749, 704, 732, 83
1443770061,  48202, 405.325, 649, 704, 88
1443770061,  48202, 405.931, 636, 649, 93
1443770062,  48202, 406.748, 647, 636, 93
1443770063,  48202, 407.525, 710, 647, 88
1443770064,  48202, 408.131, 763, 710, 81
1443770065,  48202, 409.13, 701, 763, 81
1443770065,  48202, 409.524, 704, 701, 85
1443770066,  48202, 410.331, 723, 704, 84
1443770067,  48202, 411.35, 752, 723, 81
1443770067,  48202, 411.925, 715, 752, 81
1443770068,  48202, 412.349, 698, 715, 84
1443770069,  48202, 413.126, 691, 698, 86
1443770069,  48202, 413.731, 688, 691, 87
1443770070,  48202, 414.549, 708, 688, 85
1443770071,  48202, 415.327, 692, 708, 85
1443770071,  48202, 415.932, 698, 692, 86
1443770072,  48202, 416.93, 732, 698, 83
1443770073,  48202, 417.747, 751, 732, 80
1443770074,  48202, 418.131, 762, 751, 79
1443770075,  48202, 419.151, 719, 762, 81
1443770075,  48202, 419.726, 701, 719, 84
1443770076,  48202, 420.332, 710, 701, 85
1443770077,  48202, 421.129, 750, 710, 82
1443770077,  48202, 421.926, 807, 750, 77
1443770078,  48202, 422.753, 765, 807, 76
1443770079,  48202, 423.732, 778, 765, 77
1443770080,  48202, 424.327, 825, 778, 74
1443770081,  48202, 425.326, 843, 825, 71
1443770081,  48202, 425.931, 787, 843, 73
1443770082,  48202, 426.748, 746, 787, 78
1443770083,  48202, 427.525, 770, 746, 79
1443770084,  48202, 428.353, 779, 770, 77
1443770084,  48202, 428.948, 771, 779, 77
1443770085,  48202, 429.926, 751, 771, 78
1443770086,  48202, 430.734, 765, 751, 79
1443770087,  48202, 431.35, 806, 765, 76
1443770088,  48202, 432.126, 832, 806, 73
1443770089,  48202, 433.155, 803, 832, 73
1443770089,  48202, 433.932, 780, 803, 75
1443770090,  48202, 434.548, 787, 780, 76
1443770091,  48202, 435.527, 773, 787, 76
1443770091,  48202, 435.931, 772, 773, 77
1443770092,  48202, 436.749, 734, 772, 79
1443770093,  48202, 437.727, 718, 734, 82
1443770094,  48202, 438.332, 721, 718, 83
1443770094,  48202, 438.948, 736, 721, 82
1443770095,  48202, 439.725, 752, 736, 80
1443770096,  48202, 440.533, 740, 752, 80
1443770097,  48202, 441.351, 708, 740, 82
1443770097,  48202, 441.735, 710, 708, 84
1443770098,  48202, 442.732, 691, 710, 85
1443770099,  48202, 443.328, 663, 691, 88
1443770099,  48202, 443.732, 648, 663, 91
1443770100,  48202, 444.55, 649, 648, 92
1443770101,  48202, 445.125, 672, 649, 90
1443770101,  48202, 445.73, 672, 672, 89
1443770102,  48202, 446.527, 659, 672, 90
1443770103,  48202, 447.355, 662, 659, 90
1443770103,  48202, 447.951, 687, 662, 89
1443770104,  48202, 448.555, 749, 687, 83
1443770105,  48202, 449.332, 764, 749, 79
1443770106,  48202, 450.15, 712, 764, 81
1443770106,  48202, 450.735, 697, 712, 85
1443770107,  48202, 451.128, 55307, 508, 2
1443770107,  48202, 451.35, 697, 697, 86
1443770108,  48202, 452.127, 708, 697, 85
1443770108,  48202, 452.954, 722, 708, 83
1443770109,  48202, 453.55, 700, 722, 84
1443770110,  48202, 454.154, 692, 700, 86
1443770110,  48202, 454.93, 692, 692, 86
1443770111,  48202, 455.727, 712, 692, 85
1443770112,  48202, 456.554, 797, 712, 79
1443770113,  48202, 457.532, 830, 797, 73
1443770114,  48202, 458.53, 806, 830, 73
1443770115,  48202, 459.136, 834, 806, 73
1443770116,  48202, 460.335, 861, 834, 70
1443770116,  48202, 460.95, 839, 861, 70
1443770117,  48202, 461.334, 780, 839, 74
1443770118,  48202, 462.131, 735, 780, 79
1443770119,  48202, 463.128, 735, 735, 81
1443770119,  48202, 463.733, 778, 735, 79
1443770120,  48202, 464.732, 870, 778, 72
1443770121,  48202, 465.548, 863, 870, 69
1443770122,  48202, 466.537, 823, 863, 71
1443770123,  48202, 467.354, 838, 823, 72
1443770124,  48202, 468.15, 840, 838, 71
1443770124,  48202, 468.755, 832, 840, 71
1443770125,  48202, 469.733, 795, 832, 73
1443770126,  48202, 470.53, 757, 795, 77
1443770127,  48202, 471.135, 796, 757, 77
1443770127,  48202, 471.951, 792, 796, 75
1443770128,  48202, 472.929, 814, 792, 74
1443770129,  48202, 473.757, 793, 814, 74
1443770130,  48202, 474.351, 784, 793, 76
1443770131,  48202, 475.329, 803, 784, 75
1443770132,  48202, 476.156, 844, 803, 72
1443770133,  48202, 477.134, 862, 844, 70
1443770133,  48202, 477.749, 818, 862, 71
1443770134,  48202, 478.555, 798, 818, 74
1443770135,  48202, 479.352, 784, 798, 75
1443770135,  48202, 479.957, 785, 784, 76
1443770136,  48202, 480.734, 805, 785, 75
1443770137,  48202, 481.732, 781, 805, 75
1443770138,  48202, 482.337, 786, 781, 76
1443770139,  48202, 483.135, 792, 786, 76
1443770139,  48202, 483.951, 797, 792, 75
1443770140,  48202, 484.929, 751, 797, 77
1443770141,  48202, 485.535, 727, 751, 81
1443770142,  48202, 486.151, 728, 727, 82
1443770142,  48202, 486.937, 734, 728, 82
1443770143,  48202, 487.754, 738, 734, 81
1443770144,  48202, 488.328, 719, 738, 82
1443770145,  48202, 489.156, 706, 719, 84
1443770145,  48202, 489.751, 717, 706, 84
1443770146,  48202, 490.558, 747, 717, 81
1443770147,  48202, 491.535, 781, 747, 78
1443770147,  48202, 491.929, 751, 781, 78
1443770148,  48202, 492.958, 746, 751, 80
1443770149,  48202, 493.754, 735, 746, 81
1443770150,  48202, 494.158, 735, 735, 81
1443770151,  48202, 495.136, 706, 735, 83
1443770151,  48202, 495.53, 690, 706, 85
1443770152,  48202, 496.134, 669, 690, 88
1443770152,  48202, 496.931, 652, 669, 90
1443770153,  48202, 497.536, 636, 652, 93
1443770154,  48202, 498.555, 621, 636, 95
1443770154,  48202, 498.938, 624, 621, 96
1443770155,  48202, 499.332, 615, 624, 96
1443770156,  48202, 500.129, 613, 615, 97
1443770156,  48202, 500.734, 609, 613, 98
1443770157,  48202, 501.732, 598, 602, 100
1443770158,  48202, 502.538, 598, 598, 100
1443770158,  48202, 502.932, 590, 598, 101
1443770159,  48202, 503.556, 579, 590, 102
1443770160,  48202, 504.555, 576, 579, 103
1443770161,  48202, 505.13, 582, 575, 103
1443770161,  48202, 505.957, 594, 582, 102
1443770162,  48202, 506.733, 615, 594, 99
1443770163,  48202, 507.531, 647, 615, 95
1443770163,  48202, 507.753, 657, 647, 92
1443770166,  48202, 510.544, 680, 685, 87
1443770167,  48202, 511.935, 654, 653, 91
1443770168,  48202, 512.358, 639, 654, 92
1443770169,  48202, 513.336, 630, 639, 94
1443770170,  48202, 514.738, 661, 649, 91
1443770529,  48202, 873.155, 775, 819, 75
1443770529,  48202, 873.579, 805, 775, 75
1443770530,  48202, 874.154, 771, 805, 76
1443770530,  48202, 874.951, 729, 771, 80
1443770644,  48202, 988.567, 716, 729, 83
1443770645,  48202, 989.958, 695, 733, 84
1443770646,  48202, 990.785, 727, 695, 84
1443770647,  48202, 991.158, 57611, 508, 2
1443770649,  48202, 993.163, 649, 653, 92
1443770649,  48202, 993.385, 635, 649, 93
1443770649,  48202, 993.96, 620, 635, 95
1443770650,  48202, 994.566, 607, 620, 97
1443770651,  48202, 995.362, 591, 607, 100
1443770651,  48202, 995.765, 591, 591, 101
1443770652,  48202, 996.381, 574, 591, 103
1443770653,  48202, 997.157, 568, 574, 105
1443770653,  48202, 997.762, 561, 568, 106
1443770653,  48202, 997.984, 556, 561, 107
1443770655,  48202, 999.96, 561, 554, 107
1443770656,  48202, 1000.565, 584, 561, 104
1443770657,  48202, 1001.16, 623, 584, 99
1443770657,  48202, 1001.966, 680, 623, 92
1443770658,  48202, 1002.783, 699, 680, 87
1443770659,  48202, 1003.36, 726, 699, 84
1443770660,  48202, 1004.187, 771, 726, 80
1443770660,  48202, 1004.781, 716, 771, 80
1443770661,  48202, 1005.588, 709, 716, 84
1443770662,  48202, 1006.183, 665, 709, 87
1443770662,  48202, 1006.566, 652, 665, 91
1443770663,  48202, 1007.363, 643, 652, 92
1443770663,  48202, 1007.958, 634, 643, 94
1443770664,  48202, 1008.563, 615, 634, 96
1443770665,  48202, 1009.158, 605, 615, 98
1443770665,  48202, 1009.764, 606, 605, 99
1443770666,  48202, 1010.359, 608, 606, 98
1443770666,  48202, 1010.964, 608, 608, 98
1443770667,  48202, 1011.559, 607, 608, 98
1443770668,  48202, 1012.164, 595, 607, 99
1443770668,  48202, 1012.982, 605, 595, 100
1443770669,  48202, 1013.587, 601, 605, 99
1443770669,  48202, 1013.96, 610, 601, 99
1443770670,  48202, 1014.788, 609, 610, 98
1443770671,  48202, 1015.384, 619, 609, 97
1443770671,  48202, 1015.768, 641, 619, 95
1443770672,  48202, 1016.565, 635, 641, 94
1443770673,  48202, 1017.159, 639, 635, 94
1443770673,  48202, 1017.764, 668, 639, 91
1443770674,  48202, 1018.582, 715, 668, 86
1443770675,  48202, 1019.56, 740, 715, 82
1443770675,  48202, 1019.965, 702, 740, 83
1443770676,  48202, 1020.983, 698, 702, 85
1443770677,  48202, 1021.367, 707, 698, 85
1443770678,  48202, 1022.164, 720, 707, 84
1443770679,  48202, 1023.162, 732, 720, 82
1443770679,  48202, 1023.767, 781, 732, 79
1443770680,  48202, 1024.563, 826, 781, 74
1443770681,  48202, 1025.36, 798, 826, 73
1443770682,  48202, 1026.361, 768, 798, 76
1443770682,  48202, 1026.966, 780, 768, 77
1443770683,  48202, 1027.763, 807, 780, 75
1443770684,  48202, 1028.762, 788, 807, 75
1443770685,  48202, 1029.186, 781, 788, 76
1443770685,  48202, 1029.983, 758, 781, 78
1443770686,  48202, 1030.588, 731, 758, 80
1443770687,  48202, 1031.566, 683, 731, 84
1443770687,  48202, 1031.99, 672, 683, 88
1443770688,  48202, 1032.967, 672, 672, 89
1443770689,  48202, 1033.381, 688, 672, 88
1443770690,  48202, 1034.36, 718, 688, 85
1443770690,  48202, 1034.965, 734, 718, 82
1443770691,  48202, 1035.561, 755, 734, 80
1443770692,  48202, 1036.56, 739, 755, 80
1443770693,  48202, 1037.165, 766, 739, 79
1443770693,  48202, 1037.963, 764, 766, 78
1443770694,  48202, 1038.568, 768, 764, 78
1443770695,  48202, 1039.385, 722, 768, 80
1443770696,  48202, 1040.383, 730, 722, 82
1443770697,  48202, 1041.17, 804, 730, 78
1443770698,  48202, 1042.168, 897, 804, 70
1443770698,  48202, 1042.784, 863, 897, 68
1443770699,  48202, 1043.984, 871, 863, 69
1443770700,  48202, 1044.589, 872, 871, 68
1443770701,  48202, 1045.568, 830, 872, 70
1443770702,  48202, 1046.183, 828, 830, 72
1443770702,  48202, 1046.788, 757, 828, 75
1443770703,  48202, 1047.767, 735, 757, 80
1443770704,  48202, 1048.161, 728, 735, 82
1443770704,  48202, 1048.988, 688, 728, 84
1443770705,  48202, 1049.583, 702, 688, 86
1443770706,  48202, 1050.189, 695, 702, 85
1443770706,  48202, 1050.966, 735, 695, 83
1443770707,  48202, 1051.361, 57867, 508, 2
1443770707,  48202, 1051.785, 733, 735, 81
1443770708,  48202, 1052.39, 680, 733, 84
1443770708,  48202, 1052.764, 417, 680, 109
1443770709,  48202, 1053.369, 318, 417, 163
1443770709,  48202, 1053.764, 699, 318, 118
1443770709,  48202, 1053.986, 340, 699, 115
1443770710,  48202, 1054.591, 388, 363, 160
1443770711,  48202, 1055.186, 287, 388, 178
1443770711,  48202, 1055.569, 348, 287, 189
1443770712,  48202, 1056.185, 331, 348, 176
1443770712,  48202, 1056.589, 674, 331, 119
1443770712,  48202, 1056.962, 566, 674, 96
1443770713,  48202, 1057.386, 395, 566, 125
1443770713,  48202, 1057.568, 369, 395, 157
1443770713,  48202, 1057.962, 280, 369, 185
1443770714,  48202, 1058.385, 373, 280, 184
1443770714,  48202, 1058.991, 449, 373, 145
1443770715,  48202, 1059.364, 480, 449, 129
1443770715,  48202, 1059.767, 372, 480, 140
1443770716,  48202, 1060.362, 589, 372, 125
1443770717,  48202, 1061.169, 526, 589, 107
1443770717,  48202, 1061.968, 651, 526, 102
1443770718,  48202, 1062.19, 732, 651, 86
1443770718,  48202, 1062.563, 442, 732, 102
1443770718,  48202, 1062.987, 294, 442, 163
1443770719,  48202, 1063.784, 653, 294, 126
1443770720,  48202, 1064.389, 372, 612, 121
1443770720,  48202, 1064.985, 333, 372, 170
1443770721,  48202, 1065.791, 568, 333, 133
1443770722,  48202, 1066.386, 595, 568, 103
1443770723,  48202, 1067.183, 773, 595, 87
1443770723,  48202, 1067.567, 715, 773, 80
1443770724,  48202, 1068.585, 620, 715, 89
1443770724,  48202, 1068.767, 549, 620, 102
1443770725,  48202, 1069.19, 556, 549, 108
1443770725,  48202, 1069.584, 277, 556, 144
1443770726,  48202, 1070.392, 693, 277, 123
1443770726,  48202, 1070.986, 549, 693, 96
1443770727,  48202, 1071.964, 728, 549, 94
1443770728,  48202, 1072.569, 732, 728, 82
1443770729,  48202, 1073.167, 654, 732, 86
1443770729,  48202, 1073.389, 477, 654, 106
1443770729,  48202, 1073.766, 338, 477, 147
1443770730,  48202, 1074.192, 435, 338, 155
1443770730,  48202, 1074.786, 479, 435, 131
1443770731,  48202, 1075.388, 619, 479, 109
1443770731,  48202, 1075.964, 645, 253, 133
1443770732,  48202, 1076.387, 343, 645, 121
1443770732,  48202, 1076.963, 292, 343, 189
1443770733,  48202, 1077.367, 553, 292, 142
1443770734,  48202, 1078.164, 631, 553, 101
1443770734,  48202, 1078.769, 703, 631, 89
1443770735,  48202, 1079.162, 414, 703, 107
1443770735,  48202, 1079.385, 536, 414, 126
1443770735,  48202, 1079.768, 274, 536, 148
1443770736,  48202, 1080.968, 610, 274, 135
1443770737,  48202, 1081.191, 611, 610, 98
1443770737,  48202, 1081.989, 612, 611, 98
1443770738,  48202, 1082.564, 525, 612, 105
1443770738,  48202, 1082.968, 692, 525, 98
1443770739,  48202, 1083.391, 498, 692, 100
1443770739,  48202, 1083.768, 434, 498, 128
1443770740,  48202, 1084.363, 300, 434, 163
1443770740,  48202, 1084.787, 487, 300, 152
1443770741,  48202, 1085.765, 622, 487, 108
1443770742,  48202, 1086.169, 680, 622, 92
1443770742,  48202, 1086.563, 705, 680, 86
1443770743,  48202, 1087.592, 617, 705, 90
1443770743,  48202, 1087.985, 538, 617, 103
1443770744,  48202, 1088.59, 652, 538, 100
1443770744,  48202, 1088.964, 555, 652, 99
1443770745,  48202, 1089.388, 433, 555, 121
1443770745,  48202, 1089.964, 264, 433, 172
1443770746,  48202, 1090.367, 416, 264, 176
1443770746,  48202, 1090.791, 590, 416, 119
1443770747,  48202, 1091.164, 451, 590, 115
1443770747,  48202, 1091.769, 363, 451, 147
1443770748,  48202, 1092.163, 597, 363, 125
1443770748,  48202, 1092.768, 446, 597, 115
1443770749,  48202, 1093.192, 340, 407, 160
1443770749,  48202, 1093.585, 252, 340, 202
1443770750,  48202, 1094.19, 344, 252, 201
1443770750,  48202, 1094.563, 595, 344, 127
1443770751,  48202, 1095.592, 593, 595, 101
1443770751,  48202, 1095.764, 603, 593, 100
1443770752,  48202, 1096.792, 602, 603, 99
1443770753,  48202, 1097.387, 606, 602, 99
1443770753,  48202, 1097.771, 574, 606, 101
1443770753,  48202, 1097.993, 468, 574, 115
1443770754,  48202, 1098.367, 481, 468, 126
1443770754,  48202, 1098.791, 305, 481, 152
1443770755,  48202, 1099.569, 506, 305, 148
1443770756,  48202, 1100.167, 730, 506, 97
1443770756,  48202, 1100.964, 619, 730, 89
1443770757,  48202, 1101.186, 534, 619, 104
1443770757,  48202, 1101.367, 359, 534, 134
1443770757,  48202, 1101.791, 262, 359, 193
1443770757,  48202, 1101.973, 344, 262, 198
1443770758,  48202, 1102.79, 349, 344, 173
1443770759,  48202, 1103.365, 612, 349, 125
1443770759,  48202, 1103.769, 614, 612, 97
1443770760,  48202, 1104.193, 462, 614, 111
1443770761,  48202, 1105.171, 520, 462, 122
1443770761,  48202, 1105.565, 708, 520, 97
1443770761,  48202, 1105.789, 348, 708, 113
1443770762,  48202, 1106.172, 383, 348, 164
1443770762,  48202, 1106.565, 317, 383, 171
1443770762,  48202, 1106.788, 348, 317, 180
1443770762,  48202, 1106.97, 336, 348, 175
1443770763,  48202, 1107.394, 285, 336, 193
1443770763,  48202, 1107.989, 617, 285, 133
1443770764,  48202, 1108.564, 620, 617, 97
1443770765,  48202, 1109.17, 425, 620, 114
1443770765,  48202, 1109.393, 460, 425, 135
1443770766,  48202, 1110.19, 354, 460, 147
1443770766,  48202, 1110.372, 463, 354, 147
1443770767,  48202, 1111.19, 58123, 508, 2
1443770767,  48202, 1111.371, 701, 463, 103
1443770767,  48202, 1111.765, 615, 701, 91
1443770768,  48202, 1112.37, 536, 615, 104
1443770769,  48202, 1113.187, 637, 536, 102
1443770769,  48202, 1113.571, 689, 637, 90
1443770770,  48202, 1114.369, 630, 689, 91
1443770770,  48202, 1114.792, 655, 630, 93
1443770771,  48202, 1115.387, 344, 377, 166
1443770771,  48202, 1115.771, 347, 344, 173
1443770771,  48202, 1115.993, 304, 347, 184
1443770772,  48202, 1116.367, 315, 304, 194
1443770772,  48202, 1116.771, 329, 315, 186
1443770773,  48202, 1117.588, 556, 329, 135
1443770774,  48202, 1118.566, 735, 556, 93
1443770775,  48202, 1119.172, 657, 735, 86
1443770775,  48202, 1119.566, 665, 657, 90
1443770776,  48202, 1120.393, 651, 665, 91
1443770776,  48202, 1120.989, 643, 651, 92
1443770777,  48202, 1121.594, 634, 643, 94
1443770778,  48202, 1122.193, 626, 634, 95
1443770778,  48202, 1122.768, 610, 626, 97
1443770779,  48202, 1123.373, 598, 610, 99
1443770780,  48202, 1124.191, 586, 598, 101
1443770780,  48202, 1124.766, 574, 586, 103
1443770781,  48202, 1125.19, 567, 574, 105
1443770782,  48202, 1126.168, 567, 565, 106
1443770782,  48202, 1126.988, 585, 567, 104
1443770783,  48202, 1127.371, 619, 585, 99
1443770784,  48202, 1128.167, 623, 619, 96
1443770785,  48202, 1129.166, 630, 623, 95
1443770785,  48202, 1129.771, 690, 630, 90
1443770787,  48202, 1131.173, 777, 812, 75
1443770787,  48202, 1131.99, 751, 777, 78
1443770788,  48202, 1132.968, 781, 751, 78
1443770789,  48202, 1133.795, 797, 781, 76
1443770790,  48202, 1134.39, 806, 797, 74
1443770791,  48202, 1135.389, 790, 806, 75
1443770792,  48202, 1136.166, 812, 790, 74
1443770792,  48202, 1136.772, 809, 812, 74
1443770793,  48202, 1137.569, 809, 809, 74
1443770794,  48202, 1138.568, 795, 809, 74
1443770795,  48202, 1139.395, 813, 795, 74
1443770795,  48202, 1139.99, 787, 813, 75
1443770796,  48202, 1140.767, 848, 787, 73
1443770797,  48202, 1141.766, 730, 848, 76
1443770798,  48202, 1142.372, 859, 730, 75
1443770799,  48202, 1143.189, 819, 859, 71
1443770799,  48202, 1143.967, 800, 819, 74
1443770800,  48202, 1144.968, 712, 800, 79
1443770801,  48202, 1145.573, 815, 712, 78
1443770802,  48202, 1146.189, 724, 815, 78
1443770802,  48202, 1146.976, 842, 724, 76
1443770803,  48202, 1147.793, 801, 842, 73
1443770804,  48202, 1148.772, 815, 801, 74
1443770805,  48202, 1149.569, 875, 815, 71
1443770806,  48202, 1150.567, 905, 875, 67
1443770807,  48202, 1151.596, 888, 905, 66
1443770808,  48202, 1152.373, 826, 888, 70
1443770808,  48202, 1152.968, 907, 826, 69
1443770809,  48202, 1153.967, 798, 907, 70
1443770810,  48202, 1154.573, 814, 798, 74
1443770811,  48202, 1155.592, 738, 814, 77
1443770812,  48202, 1156.167, 733, 738, 81
1443770812,  48202, 1156.994, 751, 733, 80
1443770813,  48202, 1157.972, 797, 751, 77
1443770814,  48202, 1158.991, 905, 797, 70
1443770815,  48202, 1159.567, 913, 905, 66
1443770816,  48202, 1160.395, 900, 913, 66
1443770817,  48202, 1161.191, 805, 900, 70
1443770817,  48202, 1161.968, 793, 805, 75
1443770818,  48202, 1162.967, 789, 793, 75
1443770819,  48202, 1163.573, 812, 789, 75
1443770820,  48202, 1164.592, 826, 812, 73
1443770821,  48202, 1165.197, 775, 826, 75
1443770822,  48202, 1166.367, 791, 775, 76
1443770823,  48202, 1167.194, 916, 791, 70
1443770824,  48202, 1168.174, 1083, 916, 60
1443770825,  48202, 1169.192, 961, 1083, 58
1443770825,  48202, 1169.969, 922, 961, 63
1443770826,  48202, 1170.968, 958, 922, 63
1443770827,  48202, 1171.392, 58379, 508, 2
1443770827,  48202, 1171.574, 958, 922, 63
1443770827,  48202, 1171.967, 971, 958, 62
1443770829,  48202, 1173.168, 975, 971, 61
1443770829,  48202, 1173.773, 963, 975, 61
1443770830,  48202, 1174.791, 840, 963, 66
1443770831,  48202, 1175.568, 820, 840, 72
1443770832,  48202, 1176.597, 831, 820, 72
1443770833,  48202, 1177.192, 876, 831, 70
1443770833,  48202, 1177.969, 832, 876, 70
1443770834,  48202, 1178.797, 804, 832, 73
1443770835,  48202, 1179.775, 816, 804, 74
1443770836,  48202, 1180.39, 769, 816, 75
1443770837,  48202, 1181.177, 815, 769, 75
1443770837,  48202, 1181.994, 836, 815, 72
1443770838,  48202, 1182.791, 805, 836, 73
1443770839,  48202, 1183.769, 739, 805, 77
1443770840,  48202, 1184.375, 764, 739, 79
1443770840,  48202, 1184.99, 746, 764, 79
1443770841,  48202, 1185.798, 745, 746, 80
1443770842,  48202, 1186.574, 699, 745, 83
1443770843,  48202, 1187.169, 782, 699, 81
1443770844,  48202, 1188.199, 749, 782, 78
1443770844,  48202, 1188.976, 753, 749, 79
1443770845,  48202, 1189.369, 714, 753, 81
1443770845,  48202, 1189.975, 732, 714, 82
1443770846,  48202, 1190.59, 648, 732, 86
1443770846,  48202, 1190.974, 413, 648, 113
1443770847,  48202, 1191.57, 345, 413, 158
1443770848,  48202, 1192.175, 662, 345, 119
1443770848,  48202, 1192.77, 511, 535, 114
1443770849,  48202, 1193.597, 284, 511, 151
1443770850,  48202, 1194.193, 664, 284, 126
1443770850,  48202, 1194.97, 662, 664, 90
1443770851,  48202, 1195.579, 672, 662, 89
1443770852,  48202, 1196.378, 661, 672, 90
1443770852,  48202, 1196.994, 757, 661, 84
1443770853,  48202, 1197.771, 737, 757, 80
1443770854,  48202, 1198.376, 729, 737, 81
1443770855,  48202, 1199.173, 751, 729, 81
1443770856,  48202, 1200.171, 771, 751, 78
1443770856,  48202, 1200.597, 775, 771, 77
1443770857,  48202, 1201.596, 752, 775, 78
1443770858,  48202, 1202.394, 777, 752, 78
1443770858,  48202, 1202.999, 785, 777, 76
1443770859,  48202, 1203.978, 769, 785, 77
1443770860,  48202, 1204.594, 745, 769, 79
1443770861,  48202, 1205.169, 770, 745, 79
1443770862,  48202, 1206.198, 767, 770, 78
1443770862,  48202, 1206.793, 751, 767, 79
1443770863,  48202, 1207.57, 732, 751, 80
1443770864,  48202, 1208.377, 756, 732, 80
1443770864,  48202, 1208.996, 752, 756, 79
1443770865,  48202, 1209.772, 743, 752, 80
1443770866,  48202, 1210.771, 721, 743, 81
1443770867,  48202, 1211.195, 719, 721, 83
1443770868,  48202, 1212.173, 730, 719, 82
1443770868,  48202, 1212.97, 727, 730, 82
1443770869,  48202, 1213.576, 718, 727, 83
1443770870,  48202, 1214.192, 716, 718, 83
1443770870,  48202, 1214.797, 739, 716, 82
1443770871,  48202, 1215.795, 664, 739, 85
1443770872,  48202, 1216.371, 826, 664, 80
1443770873,  48202, 1217.4, 732, 826, 77
1443770873,  48202, 1217.773, 722, 732, 82
1443770874,  48202, 1218.57, 722, 722, 83
1443770875,  48202, 1219.176, 713, 722, 83
1443770875,  48202, 1219.993, 695, 713, 85
1443770876,  48202, 1220.599, 685, 695, 86
1443770877,  48202, 1221.396, 687, 685, 87
1443770877,  48202, 1221.971, 695, 687, 86
1443770878,  48202, 1222.798, 630, 695, 90
1443770879,  48202, 1223.394, 739, 630, 87
1443770880,  48202, 1224.17, 748, 739, 80
1443770880,  48202, 1224.776, 721, 748, 81
1443770881,  48202, 1225.371, 640, 721, 88
1443770881,  48202, 1225.594, 527, 640, 102
1443770882,  48202, 1226.199, 328, 527, 140
1443770882,  48202, 1226.996, 537, 328, 138
1443770883,  48202, 1227.571, 715, 537, 95
1443770884,  48202, 1228.398, 880, 715, 75
1443770884,  48202, 1228.994, 688, 880, 76
1443770885,  48202, 1229.801, 611, 688, 92
1443770886,  48202, 1230.396, 536, 611, 104
1443770886,  48202, 1230.779, 317, 609, 129
1443770887,  48202, 1231.203, 58635, 508, 2
1443770887,  48202, 1231.576, 335, 317, 184
1443770887,  48202, 1231.799, 374, 335, 169
1443770888,  48202, 1232.979, 738, 374, 107
1443770889,  48202, 1233.373, 713, 738, 82
1443770889,  48202, 1233.994, 685, 713, 85
1443770890,  48202, 1234.773, 673, 685, 88
1443770891,  48202, 1235.379, 654, 673, 90
1443770892,  48202, 1236.196, 634, 654, 93
1443770892,  48202, 1236.58, 612, 634, 96
1443770893,  48202, 1237.195, 604, 612, 98
1443770893,  48202, 1237.801, 590, 604, 100
1443770894,  48202, 1238.602, 580, 590, 102
1443770894,  48202, 1238.774, 566, 580, 104
1443770895,  48202, 1239.38, 572, 566, 105
1443770896,  48202, 1240.378, 608, 572, 101
1443770897,  48202, 1241.377, 641, 608, 96
1443770897,  48202, 1241.801, 681, 641, 90
1443770898,  48202, 1242.376, 722, 681, 85
1443770899,  48202, 1243.375, 749, 722, 81
1443770899,  48202, 1243.799, 755, 749, 79
1443770900,  48202, 1244.973, 762, 755, 79
1443770901,  48202, 1245.579, 753, 762, 79
1443770901,  48202, 1245.972, 741, 753, 80
1443770902,  48202, 1246.972, 773, 741, 79
1443770903,  48202, 1247.779, 870, 773, 73
1443770904,  48202, 1248.778, 890, 870, 68
1443770905,  48202, 1249.575, 866, 890, 68
1443770906,  48202, 1250.573, 848, 866, 70
1443770907,  48202, 1251.602, 872, 848, 69
1443770908,  48202, 1252.378, 882, 872, 68
1443770908,  48202, 1252.973, 819, 882, 70
1443770910,  48202, 1254.778, 726, 757, 80
1443770911,  48202, 1255.202, 766, 726, 80
1443770912,  48202, 1256.18, 816, 766, 75
1443770913,  48202, 1257.2, 908, 816, 69
1443770913,  48202, 1257.997, 831, 908, 69
1443770914,  48202, 1258.602, 833, 831, 72
1443770915,  48202, 1259.399, 869, 833, 70
1443770916,  48202, 1260.196, 853, 869, 69
1443770917,  48202, 1261.175, 809, 853, 72
1443770917,  48202, 1261.78, 754, 809, 76
1443770918,  48202, 1262.597, 794, 754, 77
1443770919,  48202, 1263.575, 763, 794, 77
1443770920,  48202, 1264.181, 766, 763, 78
1443770920,  48202, 1264.998, 766, 766, 78
1443770921,  48202, 1265.775, 730, 766, 80
1443770922,  48202, 1266.774, 808, 730, 78
1443770923,  48202, 1267.379, 879, 808, 71
1443770924,  48202, 1268.6, 925, 879, 66
1443770925,  48202, 1269.175, 843, 925, 67
1443770926,  48202, 1270.174, 806, 843, 72
1443770926,  48202, 1270.779, 860, 806, 72
1443770927,  48202, 1271.596, 855, 860, 70
1443770928,  48202, 1272.403, 843, 855, 70
1443770929,  48202, 1273.18, 815, 843, 72
1443770930,  48202, 1274.199, 759, 815, 76
1443770930,  48202, 1274.775, 794, 759, 77
1443770931,  48202, 1275.975, 832, 794, 73
1443770932,  48202, 1276.581, 818, 832, 72
1443770933,  48202, 1277.579, 881, 818, 70
1443770934,  48202, 1278.174, 755, 881, 73
1443770935,  48202, 1279.375, 911, 755, 72
1443770935,  48202, 1279.98, 897, 911, 66
1443770936,  48202, 1280.777, 914, 897, 66
1443770937,  48202, 1281.574, 830, 914, 68
1443770938,  48202, 1282.603, 810, 830, 73
1443770939,  48202, 1283.582, 858, 810, 71
1443770940,  48202, 1284.378, 897, 858, 68
1443770940,  48202, 1284.974, 812, 897, 70
1443770941,  48202, 1285.781, 834, 812, 72
1443770942,  48202, 1286.598, 778, 834, 74
1443770943,  48202, 1287.576, 821, 778, 75
1443770944,  48202, 1288.403, 898, 821, 69
1443770945,  48202, 1289.382, 884, 898, 67
1443770946,  48202, 1290.4, 788, 884, 71
1443770946,  48202, 1290.975, 844, 788, 73
1443770947,  48202, 1291.399, 58891, 508, 2
1443770947,  48202, 1291.581, 844, 788, 73
1443770947,  48202, 1291.803, 858, 844, 70
1443770949,  48202, 1293.175, 845, 858, 70
1443770949,  48202, 1293.398, 766, 845, 74
1443770950,  48202, 1294.003, 759, 766, 78
1443770950,  48202, 1294.981, 706, 759, 81
1443770951,  48202, 1295.576, 774, 706, 81
1443770952,  48202, 1296.182, 715, 774, 80
1443770952,  48202, 1296.998, 707, 715, 84
1443770953,  48202, 1297.775, 674, 707, 86
1443770954,  48202, 1298.38, 684, 674, 88
1443770954,  48202, 1298.976, 675, 684, 88
1443770955,  48202, 1299.581, 686, 675, 88
1443770956,  48202, 1300.178, 467, 588, 113
1443770956,  48202, 1300.783, 281, 467, 160
1443770957,  48202, 1301.398, 457, 281, 162
1443770958,  48202, 1302.377, 655, 457, 107
1443770958,  48202, 1302.982, 872, 655, 78
1443770959,  48202, 1303.598, 727, 872, 75
1443770960,  48202, 1304.398, 676, 727, 85
1443770961,  48202, 1305.185, 690, 676, 87
1443770961,  48202, 1305.801, 701, 690, 86
1443770962,  48202, 1306.376, 723, 701, 84
1443770963,  48202, 1307.203, 700, 723, 84
1443770963,  48202, 1308.0, 699, 700, 85
1443770964,  48202, 1308.576, 643, 699, 89
1443770965,  48202, 1309.181, 608, 643, 96
1443770965,  48202, 1309.978, 761, 608, 87
1443770966,  48202, 1310.382, 566, 761, 90
1443770967,  48202, 1311.4, 849, 566, 84
1443770967,  48202, 1311.783, 670, 849, 79
1443770968,  48202, 1312.398, 580, 670, 96
1443770968,  48202, 1312.58, 477, 580, 113
1443770969,  48202, 1313.004, 303, 477, 153
1443770969,  48202, 1313.983, 682, 303, 121
1443770970,  48202, 1314.8, 684, 682, 87
1443770971,  48202, 1315.405, 683, 684, 87
1443770971,  48202, 1315.779, 693, 683, 87
1443770972,  48202, 1316.001, 364, 693, 113
1443770972,  48202, 1316.777, 329, 364, 173
1443770973,  48202, 1317.383, 684, 329, 118
1443770974,  48202, 1318.181, 670, 684, 88
1443770974,  48202, 1318.776, 660, 670, 90
1443770975,  48202, 1319.2, 651, 660, 91
1443770975,  48202, 1319.584, 353, 651, 119
1443770976,  48202, 1320.199, 293, 353, 185
1443770976,  48202, 1320.603, 639, 293, 128
1443770977,  48202, 1321.399, 632, 639, 94
1443770978,  48202, 1322.005, 624, 632, 95
1443770978,  48202, 1322.601, 623, 624, 96
1443770978,  48202, 1322.984, 626, 623, 96
1443770979,  48202, 1323.782, 628, 626, 95
1443770980,  48202, 1324.377, 635, 628, 95
1443770980,  48202, 1324.801, 638, 635, 94
1443770981,  48202, 1325.598, 582, 638, 98
1443770982,  48202, 1326.586, 683, 582, 94
1443770982,  48202, 1326.98, 631, 683, 91
1443770983,  48202, 1327.586, 532, 631, 103
1443770984,  48202, 1328.382, 722, 532, 95
1443770984,  48202, 1328.806, 570, 722, 92
1443770985,  48202, 1329.401, 552, 570, 106
1443770986,  48202, 1330.007, 740, 552, 92
1443770986,  48202, 1330.804, 613, 740, 88
1443770987,  48202, 1331.177, 622, 613, 97
1443770987,  48202, 1331.601, 505, 622, 106
1443770988,  48202, 1332.177, 470, 505, 123
1443770988,  48202, 1332.6, 285, 470, 159
1443770989,  48202, 1333.206, 487, 285, 155
1443770989,  48202, 1333.983, 677, 487, 103
1443770990,  48202, 1334.406, 668, 677, 89
1443770990,  48202, 1334.578, 522, 668, 100
1443770991,  48202, 1335.002, 374, 522, 133
1443770991,  48202, 1335.607, 382, 374, 158
1443770991,  48202, 1335.982, 523, 382, 132
1443770992,  48202, 1336.405, 419, 523, 127
1443770993,  48202, 1337.202, 614, 291, 132
1443770994,  48202, 1338.201, 621, 614, 97
1443770994,  48202, 1338.585, 644, 621, 94
1443770995,  48202, 1339.402, 670, 644, 91
1443770996,  48202, 1340.402, 646, 670, 91
1443770996,  48202, 1340.979, 636, 646, 93
1443770997,  48202, 1341.383, 643, 636, 93
1443770998,  48202, 1342.183, 631, 643, 94
1443770998,  48202, 1342.777, 624, 631, 95
1443770999,  48202, 1343.201, 610, 624, 97
1443771000,  48202, 1344.179, 595, 610, 99
1443771000,  48202, 1344.401, 589, 595, 101
1443771001,  48202, 1345.007, 583, 589, 102
1443771001,  48202, 1345.602, 576, 583, 103
1443771002,  48202, 1346.2, 572, 576, 104
1443771002,  48202, 1346.583, 564, 572, 105
1443771003,  48202, 1347.38, 562, 564, 106
1443771003,  48202, 1347.804, 568, 562, 106
1443771004,  48202, 1348.379, 579, 568, 104
1443771004,  48202, 1348.985, 607, 579, 101
1443771005,  48202, 1349.781, 639, 607, 96
1443771006,  48202, 1350.185, 616, 639, 95
1443771006,  48202, 1350.8, 597, 616, 99
1443771007,  48202, 1351.184, 59147, 508, 2
1443771007,  48202, 1351.608, 597, 616, 99
1443771007,  48202, 1351.78, 601, 597, 100
1443771008,  48202, 1352.385, 845, 601, 82
1443771009,  48202, 1353.403, 727, 845, 76
1443771010,  48202, 1354.008, 705, 727, 83
1443771010,  48202, 1354.785, 709, 705, 84
1443771011,  48202, 1355.179, 711, 709, 84
1443771012,  48202, 1356.207, 676, 711, 86
1443771012,  48202, 1356.803, 705, 676, 86
1443771013,  48202, 1357.378, 706, 705, 85
1443771013,  48202, 1357.983, 704, 706, 85
1443771015,  48202, 1359.002, 709, 704, 84
1443771015,  48202, 1359.607, 676, 709, 86
1443771016,  48202, 1360.384, 683, 676, 88
1443771016,  48202, 1360.808, 703, 683, 86
1443771017,  48202, 1361.786, 755, 703, 82
1443771018,  48202, 1362.402, 776, 755, 78
1443771019,  48202, 1363.179, 735, 776, 79
1443771019,  48202, 1363.785, 737, 735, 81
1443771020,  48202, 1364.582, 741, 737, 81
1443771021,  48202, 1365.38, 762, 741, 79
1443771022,  48202, 1366.408, 746, 762, 79
1443771022,  48202, 1366.782, 723, 746, 81
1443771023,  48202, 1367.609, 745, 723, 81
1443771024,  48202, 1368.587, 765, 745, 79
1443771025,  48202, 1369.203, 808, 765, 76
1443771026,  48202, 1370.182, 782, 808, 75
1443771026,  48202, 1370.787, 776, 782, 77
1443771027,  48202, 1371.603, 782, 776, 77
1443771028,  48202, 1372.379, 783, 782, 76
1443771029,  48202, 1373.207, 787, 783, 76
1443771030,  48202, 1374.205, 761, 787, 77
1443771030,  48202, 1374.779, 805, 761, 76
1443771031,  48202, 1375.808, 835, 805, 73
1443771032,  48202, 1376.403, 853, 835, 71
1443771033,  48202, 1377.19, 807, 853, 72
1443771034,  48202, 1378.007, 771, 807, 76
1443771034,  48202, 1378.804, 782, 771, 77
1443771035,  48202, 1379.802, 809, 782, 75
1443771036,  48202, 1380.408, 809, 809, 74
1443771037,  48202, 1381.185, 767, 809, 76
1443771038,  48202, 1382.204, 774, 767, 77
1443771038,  48202, 1382.809, 808, 774, 75
1443771039,  48202, 1383.606, 875, 808, 71
1443771040,  48202, 1384.585, 891, 875, 67
1443771041,  48202, 1385.383, 832, 891, 69
1443771042,  48202, 1386.209, 826, 832, 72
1443771043,  48202, 1387.187, 808, 826, 73
1443771043,  48202, 1387.783, 817, 808, 73
1443771044,  48202, 1388.782, 810, 817, 73
1443771045,  48202, 1389.387, 766, 810, 76
1443771046,  48202, 1390.203, 819, 766, 75
1443771047,  48202, 1391.406, 849, 819, 71
1443771048,  48202, 1392.204, 895, 849, 68
1443771048,  48202, 1392.809, 865, 895, 68
1443771049,  48202, 1393.787, 830, 865, 70
1443771050,  48202, 1394.605, 842, 830, 71
1443771051,  48202, 1395.605, 857, 842, 70
1443771051,  48202, 1395.989, 820, 857, 71
1443771053,  48202, 1397.007, 742, 820, 76
1443771053,  48202, 1397.805, 738, 742, 81
1443771054,  48202, 1398.41, 710, 738, 82
1443771054,  48202, 1398.984, 677, 710, 86
1443771055,  48202, 1399.59, 773, 677, 82
1443771056,  48202, 1400.588, 718, 773, 80
1443771057,  48202, 1401.184, 718, 718, 83
1443771057,  48202, 1401.789, 706, 718, 84
1443771058,  48202, 1402.606, 714, 706, 84
1443771059,  48202, 1403.383, 724, 714, 83
1443771059,  48202, 1403.988, 742, 724, 81
1443771060,  48202, 1404.785, 721, 742, 82
1443771061,  48202, 1405.39, 722, 721, 83
1443771061,  48202, 1405.786, 714, 722, 83
1443771062,  48202, 1406.209, 368, 714, 110
1443771062,  48202, 1406.381, 335, 368, 170
1443771063,  48202, 1407.006, 282, 335, 194
1443771063,  48202, 1407.188, 397, 282, 176
1443771063,  48202, 1407.582, 417, 397, 147
1443771064,  48202, 1408.005, 259, 417, 177
1443771064,  48202, 1408.61, 493, 259, 159
1443771065,  48202, 1409.583, 821, 493, 91
1443771066,  48202, 1410.007, 783, 821, 74
1443771066,  48202, 1410.411, 435, 783, 98
1443771066,  48202, 1410.784, 283, 435, 167
1443771067,  48202, 1411.006, 420, 283, 170
1443771067,  48202, 1411.389, 59403, 508, 2
1443771067,  48202, 1411.783, 319, 420, 162
1443771068,  48202, 1412.389, 661, 319, 122
1443771069,  48202, 1413.206, 714, 661, 87
1443771069,  48202, 1413.811, 723, 714, 83
1443771070,  48202, 1414.61, 678, 723, 85
1443771071,  48202, 1415.205, 665, 678, 89
1443771071,  48202, 1415.81, 675, 665, 89
1443771072,  48202, 1416.406, 668, 675, 89
1443771073,  48202, 1417.011, 591, 668, 95
1443771073,  48202, 1417.384, 571, 591, 103
1443771073,  48202, 1417.807, 264, 571, 143
1443771074,  48202, 1418.584, 690, 264, 125
1443771075,  48202, 1419.189, 692, 690, 86
1443771075,  48202, 1419.805, 530, 692, 98
1443771076,  48202, 1420.188, 629, 530, 103
1443771076,  48202, 1420.591, 261, 629, 134
1443771077,  48202, 1421.408, 506, 582, 110
1443771078,  48202, 1422.407, 323, 506, 144
1443771078,  48202, 1422.589, 721, 323, 114
1443771078,  48202, 1422.983, 388, 721, 108
1443771079,  48202, 1423.408, 338, 388, 165
1443771079,  48202, 1423.589, 349, 338, 174
1443771080,  48202, 1424.185, 368, 349, 167
1443771081,  48202, 1425.183, 603, 368, 123
1443771081,  48202, 1425.788, 774, 603, 87
1443771082,  48202, 1426.182, 698, 774, 81
1443771083,  48202, 1427.211, 699, 698, 85
1443771083,  48202, 1427.584, 700, 699, 85
1443771084,  48202, 1428.583, 695, 700, 86
1443771085,  48202, 1429.008, 617, 695, 91
1443771085,  48202, 1429.19, 554, 617, 102
1443771085,  48202, 1429.785, 299, 554, 140
1443771086,  48202, 1430.007, 418, 299, 167
1443771086,  48202, 1430.784, 342, 418, 157
1443771087,  48202, 1431.611, 732, 342, 111
1443771088,  48202, 1432.206, 627, 567, 100
1443771088,  48202, 1432.812, 271, 627, 133
1443771089,  48202, 1433.407, 615, 271, 135
1443771090,  48202, 1434.385, 767, 615, 86
1443771090,  48202, 1434.991, 682, 767, 82
1443771091,  48202, 1435.607, 627, 682, 91
1443771092,  48202, 1436.383, 761, 627, 86
1443771093,  48202, 1437.21, 690, 761, 82
1443771093,  48202, 1437.785, 703, 690, 86
1443771094,  48202, 1438.209, 685, 703, 86
1443771094,  48202, 1438.391, 454, 685, 105
1443771095,  48202, 1439.007, 336, 454, 151
1443771095,  48202, 1439.189, 444, 336, 153
1443771095,  48202, 1439.986, 448, 299, 160
1443771096,  48202, 1440.985, 262, 448, 169
1443771097,  48202, 1441.208, 699, 262, 125
1443771097,  48202, 1441.985, 523, 576, 109
1443771098,  48202, 1442.812, 266, 523, 152
1443771099,  48202, 1443.407, 557, 266, 145
1443771100,  48202, 1444.184, 672, 557, 97
1443771100,  48202, 1444.588, 664, 672, 89
1443771101,  48202, 1445.607, 722, 664, 86
1443771102,  48202, 1446.212, 789, 722, 79
1443771102,  48202, 1446.989, 772, 789, 76
1443771103,  48202, 1447.786, 788, 772, 76
1443771104,  48202, 1448.391, 728, 788, 79
1443771105,  48202, 1449.39, 727, 728, 82
1443771105,  48202, 1449.784, 687, 727, 84
1443771106,  48202, 1450.187, 592, 687, 93
1443771106,  48202, 1450.611, 395, 592, 121
1443771107,  48202, 1451.609, 477, 395, 137
1443771108,  48202, 1452.184, 681, 477, 103
1443771108,  48202, 1452.588, 675, 681, 88
1443771109,  48202, 1453.385, 669, 675, 89
1443771110,  48202, 1454.402, 661, 669, 90
1443771110,  48202, 1454.594, 636, 661, 92
1443771111,  48202, 1455.411, 627, 636, 95
1443771111,  48202, 1455.785, 622, 627, 96
1443771112,  48202, 1456.39, 606, 622, 97
1443771113,  48202, 1457.187, 592, 606, 100
1443771113,  48202, 1457.591, 579, 592, 102
1443771114,  48202, 1458.207, 569, 579, 104
1443771114,  48202, 1458.59, 561, 569, 106
1443771115,  48202, 1459.186, 555, 561, 107
1443771115,  48202, 1459.791, 549, 555, 108
1443771116,  48202, 1460.81, 561, 549, 108
1443771117,  48202, 1461.385, 778, 561, 89
1443771118,  48202, 1462.414, 843, 778, 74
1443771119,  48202, 1463.009, 810, 843, 72
1443771119,  48202, 1463.806, 825, 810, 73
1443771120,  48202, 1464.613, 810, 825, 73
1443771121,  48202, 1465.391, 803, 810, 74
1443771122,  48202, 1466.41, 818, 803, 74
1443771123,  48202, 1467.409, 841, 818, 72
1443771124,  48202, 1468.014, 848, 841, 71
1443771124,  48202, 1468.791, 858, 848, 70
1443771125,  48202, 1469.809, 838, 858, 70
1443771126,  48202, 1470.585, 852, 838, 71
1443771127,  48202, 1471.413, 59659, 508, 1
1443771127,  48202, 1471.595, 850, 852, 70
1443771128,  48202, 1472.412, 845, 850, 70
1443771128,  48202, 1472.987, 835, 845, 71
1443771129,  48202, 1473.786, 796, 835, 73
1443771130,  48202, 1474.814, 809, 796, 74
1443771131,  48202, 1475.793, 833, 809, 73
1443771132,  48202, 1476.409, 847, 833, 71
1443771133,  48202, 1477.195, 821, 847, 71
1443771134,  48202, 1478.012, 792, 821, 74
1443771134,  48202, 1478.809, 815, 792, 74
1443771135,  48202, 1479.788, 857, 815, 71
1443771136,  48202, 1480.786, 886, 857, 68
1443771137,  48202, 1481.391, 847, 886, 69
1443771138,  48202, 1482.189, 823, 847, 71
1443771139,  48202, 1483.188, 815, 823, 73
1443771139,  48202, 1483.794, 822, 815, 73
1443771140,  48202, 1484.591, 803, 822, 73
1443771141,  48202, 1485.389, 762, 803, 76
1443771141,  48202, 1485.994, 719, 762, 81
1443771142,  48202, 1486.791, 698, 719, 84
1443771143,  48202, 1487.386, 685, 698, 86
1443771144,  48202, 1488.193, 677, 685, 88
1443771144,  48202, 1488.789, 655, 677, 90
1443771145,  48202, 1489.394, 657, 655, 91
1443771145,  48202, 1489.989, 666, 657, 90
1443771146,  48202, 1490.988, 707, 666, 87
1443771147,  48202, 1491.594, 693, 707, 85
1443771148,  48202, 1492.008, 678, 693, 87
1443771148,  48202, 1492.814, 672, 678, 88
1443771149,  48202, 1493.41, 672, 672, 89
1443771150,  48202, 1494.388, 709, 672, 86
1443771150,  48202, 1494.994, 769, 709, 81
1443771151,  48202, 1495.811, 799, 769, 76
1443771152,  48202, 1496.588, 743, 799, 77
1443771153,  48202, 1497.193, 728, 743, 81
1443771154,  48202, 1498.011, 726, 728, 82
1443771154,  48202, 1498.788, 692, 726, 84
1443771155,  48202, 1499.394, 672, 692, 87
1443771156,  48202, 1500.211, 675, 672, 89
1443771156,  48202, 1500.787, 714, 675, 86
1443771157,  48202, 1501.595, 786, 714, 80
1443771158,  48202, 1502.21, 748, 786, 78
1443771158,  48202, 1502.997, 734, 748, 80
1443771159,  48202, 1503.996, 775, 734, 79
1443771160,  48202, 1504.994, 868, 775, 73
1443771161,  48202, 1505.812, 864, 868, 69
1443771162,  48202, 1506.387, 776, 864, 73
1443771163,  48202, 1507.194, 796, 776, 76
1443771163,  48202, 1507.789, 454, 766, 98
1443771164,  48202, 1508.616, 288, 454, 161
1443771165,  48202, 1509.594, 770, 288, 113
1443771165,  48202, 1509.988, 741, 770, 79
1443771166,  48202, 1510.815, 735, 741, 81
1443771167,  48202, 1511.39, 708, 735, 83
1443771168,  48202, 1512.388, 719, 708, 84
1443771169,  48202, 1513.216, 710, 719, 84
1443771169,  48202, 1513.589, 722, 710, 83
1443771170,  48202, 1514.587, 720, 722, 83
1443771171,  48202, 1515.193, 705, 720, 84
1443771171,  48202, 1515.788, 717, 705, 84
1443771172,  48202, 1516.394, 693, 717, 85
1443771172,  48202, 1516.616, 482, 693, 102
1443771173,  48202, 1517.413, 304, 482, 152
1443771173,  48202, 1517.989, 538, 640, 101
1443771174,  48202, 1518.816, 262, 538, 150
1443771175,  48202, 1519.419, 719, 262, 122
1443771175,  48202, 1519.792, 601, 719, 90
1443771176,  48202, 1520.216, 469, 601, 112
1443771176,  48202, 1520.811, 402, 469, 137
1443771177,  48202, 1521.417, 718, 402, 107
1443771178,  48202, 1522.617, 721, 718, 83
1443771178,  48202, 1522.991, 402, 727, 106
1443771179,  48202, 1523.598, 334, 402, 163
1443771179,  48202, 1523.79, 439, 334, 155
1443771180,  48202, 1524.395, 284, 439, 166
1443771181,  48202, 1525.211, 713, 284, 120
1443771181,  48202, 1525.789, 714, 713, 84
1443771182,  48202, 1526.617, 564, 551, 107
1443771183,  48202, 1527.212, 287, 564, 141
1443771183,  48202, 1527.989, 677, 287, 124
1443771184,  48202, 1528.594, 670, 677, 89
1443771185,  48202, 1529.189, 657, 670, 90
1443771186,  48202, 1530.016, 655, 657, 91
1443771186,  48202, 1530.39, 659, 655, 91
1443771186,  48202, 1530.814, 403, 659, 112
1443771187,  48202, 1531.389, 59915, 508, 1
1443771187,  48202, 1531.611, 658, 251, 132
1443771188,  48202, 1532.591, 489, 658, 104
1443771189,  48202, 1533.196, 617, 489, 108
1443771189,  48202, 1533.59, 696, 617, 91
1443771190,  48202, 1534.195, 482, 696, 101
1443771190,  48202, 1534.589, 387, 482, 138
1443771191,  48202, 1535.416, 663, 387, 114
1443771191,  48202, 1535.991, 656, 663, 91
1443771192,  48202, 1536.415, 530, 656, 101
1443771193,  48202, 1537.192, 707, 530, 97
1443771193,  48202, 1537.797, 385, 719, 108
1443771194,  48202, 1538.413, 255, 385, 187
1443771195,  48202, 1539.018, 630, 255, 135
1443771195,  48202, 1539.614, 542, 630, 102
1443771196,  48202, 1540.189, 524, 542, 112
1443771196,  48202, 1540.996, 688, 524, 99
1443771197,  48202, 1541.591, 767, 688, 82
1443771198,  48202, 1542.015, 641, 767, 85
1443771199,  48202, 1543.013, 645, 641, 93
1443771199,  48202, 1543.79, 638, 645, 93
1443771200,  48202, 1544.598, 606, 613, 98
1443771201,  48202, 1545.596, 563, 606, 102
1443771202,  48202, 1546.191, 761, 563, 90
1443771202,  48202, 1546.797, 658, 761, 84
1443771203,  48202, 1547.191, 620, 658, 93
1443771203,  48202, 1547.796, 498, 620, 107
1443771204,  48202, 1548.018, 473, 498, 123
1443771204,  48202, 1548.613, 258, 473, 164
1443771205,  48202, 1549.39, 603, 258, 139
1443771205,  48202, 1549.814, 552, 603, 103
1443771206,  48202, 1550.218, 518, 552, 112
1443771206,  48202, 1550.813, 572, 518, 110
1443771207,  48202, 1551.59, 608, 572, 101
1443771208,  48202, 1552.195, 594, 608, 99
1443771208,  48202, 1552.599, 702, 594, 92
1443771209,  48202, 1553.416, 604, 702, 91
1443771209,  48202, 1553.99, 596, 604, 100
1443771210,  48202, 1554.414, 597, 596, 100
1443771211,  48202, 1555.019, 595, 597, 100
1443771211,  48202, 1555.393, 545, 595, 105
1443771212,  48202, 1556.19, 637, 545, 101
1443771212,  48202, 1556.795, 592, 637, 97
1443771213,  48202, 1557.391, 590, 592, 101
1443771213,  48202, 1557.997, 588, 590, 101
1443771214,  48202, 1558.592, 592, 588, 101
1443771215,  48202, 1559.197, 591, 592, 101
1443771215,  48202, 1559.59, 593, 591, 101
1443771216,  48202, 1560.619, 550, 593, 105
1443771216,  48202, 1560.992, 639, 550, 101
1443771217,  48202, 1561.396, 591, 639, 97
1443771217,  48202, 1561.82, 288, 591, 136
1443771217,  48202, 1561.992, 306, 288, 202
1443771218,  48202, 1562.798, 595, 306, 133
1443771219,  48202, 1563.596, 592, 588, 101
1443771220,  48202, 1564.191, 284, 592, 136
1443771220,  48202, 1564.615, 305, 284, 204
1443771221,  48202, 1565.221, 590, 305, 134
1443771221,  48202, 1565.614, 590, 590, 101
1443771222,  48202, 1566.39, 547, 590, 105
1443771222,  48202, 1566.996, 570, 547, 107
1443771223,  48202, 1567.419, 541, 570, 108
1443771224,  48202, 1568.398, 753, 541, 92
1443771224,  48202, 1568.791, 609, 753, 88
1443771225,  48202, 1569.397, 570, 609, 101
1443771225,  48202, 1569.82, 568, 570, 105
1443771226,  48202, 1570.416, 632, 568, 100
1443771227,  48202, 1571.213, 660, 632, 92
1443771228,  48202, 1572.02, 662, 660, 90
1443771228,  48202, 1572.615, 633, 662, 92
1443771228,  48202, 1572.999, 601, 633, 97
1443771229,  48202, 1573.614, 444, 601, 114
1443771229,  48202, 1573.998, 262, 570, 144
1443771230,  48202, 1574.392, 257, 262, 231
1443771230,  48202, 1574.997, 354, 257, 196
1443771231,  48202, 1575.793, 611, 354, 124
1443771232,  48202, 1576.217, 613, 611, 98
1443771233,  48202, 1577.014, 609, 613, 98
1443771233,  48202, 1577.196, 616, 609, 98
1443771233,  48202, 1577.62, 324, 616, 127
1443771233,  48202, 1577.993, 303, 324, 191
1443771234,  48202, 1578.599, 627, 303, 129
1443771234,  48202, 1578.992, 582, 627, 99
1443771235,  48202, 1579.416, 363, 582, 127
1443771236,  48202, 1580.021, 365, 363, 164
1443771236,  48202, 1580.818, 668, 365, 116
1443771237,  48202, 1581.394, 638, 668, 91
1443771237,  48202, 1581.991, 640, 638, 93
1443771238,  48202, 1582.6, 633, 640, 94
1443771239,  48202, 1583.216, 621, 633, 95
1443771239,  48202, 1583.791, 608, 621, 97
1443771240,  48202, 1584.416, 588, 608, 100
1443771240,  48202, 1584.992, 584, 588, 102
1443771241,  48202, 1585.598, 575, 584, 103
1443771242,  48202, 1586.022, 570, 575, 104
1443771242,  48202, 1586.619, 565, 570, 105
1443771243,  48202, 1587.416, 557, 565, 106
1443771243,  48202, 1587.819, 549, 557, 108
1443771244,  48202, 1588.414, 557, 549, 108
1443771245,  48202, 1589.221, 577, 557, 105
1443771245,  48202, 1589.615, 624, 577, 100
1443771246,  48202, 1590.22, 678, 624, 92
1443771247,  48202, 1591.017, 655, 678, 90
1443771247,  48202, 1591.199, 60171, 508, 1
1443771247,  48202, 1591.593, 675, 655, 90
1443771248,  48202, 1592.421, 720, 675, 86
1443771249,  48202, 1593.399, 761, 720, 81
1443771249,  48202, 1593.792, 698, 761, 82
1443771250,  48202, 1594.82, 742, 698, 83
1443771251,  48202, 1595.597, 759, 742, 80
1443771252,  48202, 1596.216, 771, 759, 78
1443771253,  48202, 1597.194, 735, 771, 79
1443771254,  48202, 1598.021, 771, 735, 79
1443771254,  48202, 1598.616, 803, 771, 76
1443771255,  48202, 1599.393, 796, 803, 75
1443771256,  48202, 1600.422, 775, 796, 76
1443771256,  48202, 1600.816, 808, 775, 75
1443771257,  48202, 1601.794, 761, 808, 76
1443771258,  48202, 1602.601, 729, 761, 80
1443771259,  48202, 1603.015, 730, 729, 82
1443771259,  48202, 1603.993, 746, 730, 81
1443771260,  48202, 1604.598, 744, 746, 80
1443771261,  48202, 1605.193, 742, 744, 80
1443771262,  48202, 1606.202, 740, 742, 80
1443771262,  48202, 1606.818, 765, 740, 79
1443771263,  48202, 1607.817, 750, 765, 79
1443771264,  48202, 1608.2, 737, 750, 80
1443771264,  48202, 1608.997, 710, 737, 82
1443771265,  48202, 1609.593, 704, 710, 84
1443771266,  48202, 1610.621, 711, 704, 84
1443771267,  48202, 1611.398, 712, 711, 84
1443771267,  48202, 1611.993, 730, 712, 83
1443771269,  48202, 1613.002, 718, 730, 82
1443771269,  48202, 1613.395, 698, 718, 84
1443771269,  48202, 1613.819, 670, 698, 87
1443771270,  48202, 1614.616, 659, 670, 90
1443771271,  48202, 1615.796, 633, 646, 93
1443771272,  48202, 1616.402, 634, 633, 94
1443771273,  48202, 1617.017, 626, 634, 95
1443771273,  48202, 1617.622, 615, 626, 96
1443771274,  48202, 1618.419, 607, 615, 98
1443771275,  48202, 1619.398, 595, 607, 99
1443771277,  48202, 1621.596, 605, 596, 100
1443771278,  48202, 1622.595, 615, 605, 98
1443771279,  48202, 1623.594, 607, 615, 98
1443771280,  48202, 1624.018, 633, 607, 96
