1458663407,  48202, 3027425.586, 886, 1647, 47
1458663410,  48202, 3027428.785, 954, 886, 65
1458663411,  48202, 3027429.405, 3561, 954, 26
1458663414,  48202, 3027432.2, 806, 3561, 27
1458663414,  48202, 3027433.003, 2806, 806, 33
1458663415,  48202, 3027433.984, 879, 2806, 32
1458663420,  48202, 3027438.579, 930, 879, 66
1458663421,  48202, 3027439.187, 4420, 930, 22
1458663421,  48202, 3027439.979, 764, 4420, 23
1458663422,  48202, 3027440.578, 751, 764, 79
1458663423,  48202, 3027441.382, 736, 751, 80
1458663424,  48202, 3027442.38, 807, 736, 77
1458663425,  48202, 3027443.207, 858, 807, 72
1458663426,  48202, 3027444.18, 819, 858, 71
1458663426,  48202, 3027444.785, 834, 819, 72
1458663427,  48202, 3027446.004, 873, 834, 70
1458663428,  48202, 3027446.61, 867, 873, 68
1458663429,  48202, 3027447.381, 863, 867, 69
1458663430,  48202, 3027448.384, 850, 863, 70
1458663431,  48202, 3027449.18, 802, 850, 72
1458663431,  48202, 3027449.802, 63238, 513, 1
1458663432,  48202, 3027450.188, 730, 802, 78
1458663432,  48202, 3027450.804, 828, 730, 77
1458663433,  48202, 3027451.58, 976, 828, 66
1458663434,  48202, 3027452.579, 909, 976, 63
1458663435,  48202, 3027453.582, 967, 909, 63
1458663436,  48202, 3027454.785, 955, 967, 62
1458663437,  48202, 3027455.778, 1018, 955, 60
1458663438,  48202, 3027456.606, 999, 1018, 59
1458663439,  48202, 3027457.584, 1010, 999, 59
1458663440,  48202, 3027458.604, 942, 1010, 61
1458663441,  48202, 3027459.381, 827, 942, 67
1458663441,  48202, 3027459.98, 796, 827, 73
1458663442,  48202, 3027460.786, 766, 796, 76
1458663443,  48202, 3027461.984, 915, 766, 71
1458663444,  48202, 3027462.787, 973, 915, 63
1458663445,  48202, 3027463.806, 975, 973, 61
1458663446,  48202, 3027464.582, 948, 975, 62
1458663447,  48202, 3027465.582, 900, 948, 64
1458663448,  48202, 3027466.38, 879, 900, 67
1458663448,  48202, 3027466.987, 824, 879, 70
1458663449,  48202, 3027467.788, 727, 824, 77
1458663450,  48202, 3027468.779, 712, 727, 83
1458663451,  48202, 3027469.602, 771, 712, 80
1458663452,  48202, 3027470.58, 933, 771, 70
1458663453,  48202, 3027471.589, 938, 933, 64
1458663454,  48202, 3027472.383, 915, 938, 64
1458663455,  48202, 3027473.387, 873, 915, 67
1458663455,  48202, 3027474.003, 852, 873, 69
1458663456,  48202, 3027474.984, 853, 852, 70
1458663457,  48202, 3027475.589, 816, 853, 71
1458663457,  48202, 3027475.781, 763, 816, 76
1458663458,  48202, 3027476.206, 281, 763, 114
1458663458,  48202, 3027476.783, 276, 281, 215
1458663459,  48202, 3027478.004, 520, 276, 150
1458663461,  48202, 3027479.381, 1329, 520, 64
1458663462,  48202, 3027480.379, 1188, 1329, 47
1458663463,  48202, 3027481.21, 1010, 1188, 54
1458663464,  48202, 3027482.188, 955, 1010, 61
1458663464,  48202, 3027482.985, 920, 955, 64
1458663465,  48202, 3027484.003, 951, 920, 64
1458663466,  48202, 3027484.987, 919, 951, 64
1458663467,  48202, 3027485.809, 878, 919, 66
1458663468,  48202, 3027486.404, 863, 878, 68
1458663469,  48202, 3027487.796, 897, 863, 68
1458663470,  48202, 3027488.408, 900, 897, 66
1458663471,  48202, 3027489.181, 955, 900, 64
1458663472,  48202, 3027490.209, 941, 955, 63
1458663472,  48202, 3027490.984, 827, 941, 67
1458663473,  48202, 3027491.782, 818, 827, 72
1458663474,  48202, 3027492.809, 860, 818, 71
1458663475,  48202, 3027493.787, 881, 860, 68
1458663476,  48202, 3027494.587, 886, 881, 67
1458663477,  48202, 3027495.208, 809, 886, 70
1458663477,  48202, 3027495.782, 707, 809, 79
1458663478,  48202, 3027496.61, 720, 707, 84
1458663479,  48202, 3027497.406, 749, 720, 81
1458663480,  48202, 3027498.185, 822, 749, 76
1458663481,  48202, 3027499.206, 889, 822, 70
1458663482,  48202, 3027500.206, 907, 889, 66
1458663483,  48202, 3027501.186, 901, 907, 66
1458663483,  48202, 3027501.981, 836, 901, 69
1458663484,  48202, 3027503.009, 897, 836, 69
1458663485,  48202, 3027503.791, 948, 897, 65
1458663486,  48202, 3027504.786, 954, 948, 63
1458663487,  48202, 3027505.389, 867, 954, 65
1458663488,  48202, 3027506.391, 854, 867, 69
1458663489,  48202, 3027507.19, 905, 854, 68
1458663490,  48202, 3027508.185, 932, 905, 65
1458663491,  48202, 3027509.205, 890, 932, 65
1458663491,  48202, 3027509.81, 63494, 513, 1
1458663491,  48202, 3027509.982, 890, 932, 65
1458663492,  48202, 3027510.407, 978, 890, 64
1458663492,  48202, 3027510.982, 1029, 978, 59
1458663493,  48202, 3027511.807, 931, 1029, 61
1458663494,  48202, 3027512.588, 781, 931, 70
1458663495,  48202, 3027513.584, 765, 781, 77
1458663496,  48202, 3027514.184, 755, 765, 78
1458663496,  48202, 3027514.785, 692, 755, 82
1458663497,  48202, 3027515.41, 666, 692, 88
1458663497,  48202, 3027516.008, 669, 666, 89
1458663498,  48202, 3027516.586, 654, 669, 90
1458663499,  48202, 3027517.21, 622, 654, 94
1458663499,  48202, 3027517.806, 604, 622, 97
1458663500,  48202, 3027518.411, 546, 604, 104
1458663501,  48202, 3027519.191, 552, 546, 109
1458663501,  48202, 3027519.391, 292, 552, 142
1458663502,  48202, 3027520.382, 712, 292, 119
1458663502,  48202, 3027520.982, 690, 712, 85
1458663503,  48202, 3027521.591, 685, 690, 87
1458663504,  48202, 3027522.811, 663, 668, 90
1458663505,  48202, 3027523.407, 658, 663, 90
1458663505,  48202, 3027524.005, 654, 658, 91
1458663506,  48202, 3027524.583, 622, 654, 94
1458663507,  48202, 3027525.186, 615, 622, 97
1458663508,  48202, 3027526.187, 617, 615, 97
1458663508,  48202, 3027526.585, 638, 617, 95
1458663509,  48202, 3027527.583, 702, 638, 89
1458663510,  48202, 3027528.385, 846, 702, 77
1458663511,  48202, 3027529.386, 840, 846, 71
1458663511,  48202, 3027529.992, 814, 840, 72
1458663512,  48202, 3027530.785, 816, 814, 73
1458663513,  48202, 3027531.79, 803, 816, 74
1458663514,  48202, 3027532.183, 780, 803, 75
1458663515,  48202, 3027533.21, 733, 780, 79
1458663515,  48202, 3027533.61, 691, 733, 84
1458663516,  48202, 3027534.211, 655, 691, 89
1458663516,  48202, 3027534.986, 619, 655, 94
1458663517,  48202, 3027535.586, 619, 619, 96
1458663518,  48202, 3027536.184, 678, 619, 92
1458663519,  48202, 3027537.186, 763, 678, 83
1458663519,  48202, 3027537.786, 751, 763, 79
1458663520,  48202, 3027538.607, 751, 751, 79
1458663521,  48202, 3027539.213, 734, 751, 80
1458663521,  48202, 3027540.011, 715, 734, 82
1458663522,  48202, 3027540.588, 714, 715, 84
1458663523,  48202, 3027541.209, 692, 714, 85
1458663523,  48202, 3027542.008, 669, 692, 88
1458663524,  48202, 3027542.784, 659, 669, 90
1458663525,  48202, 3027543.593, 645, 659, 92
1458663526,  48202, 3027544.188, 637, 645, 93
1458663526,  48202, 3027544.613, 623, 637, 95
1458663527,  48202, 3027545.187, 635, 623, 95
1458663527,  48202, 3027545.813, 619, 635, 95
1458663531,  48202, 3027549.186, 601, 608, 99
1458663531,  48202, 3027549.786, 596, 601, 100
1458663532,  48202, 3027550.21, 595, 596, 100
1458663532,  48202, 3027550.988, 603, 595, 100
1458663533,  48202, 3027551.211, 611, 603, 98
1458663534,  48202, 3027552.209, 619, 611, 97
1458663534,  48202, 3027552.593, 620, 619, 96
1458663534,  48202, 3027552.987, 638, 620, 95
1458663535,  48202, 3027553.989, 635, 638, 94
1458663536,  48202, 3027554.386, 621, 635, 95
1458663536,  48202, 3027554.786, 613, 621, 97
1458663537,  48202, 3027555.391, 576, 613, 101
1458663537,  48202, 3027556.007, 569, 576, 104
1458663538,  48202, 3027556.608, 557, 569, 106
1458663539,  48202, 3027557.186, 563, 557, 107
1458663539,  48202, 3027557.785, 583, 563, 104
1458663540,  48202, 3027558.593, 628, 583, 99
1458663541,  48202, 3027559.214, 706, 628, 89
1458663541,  48202, 3027559.789, 698, 706, 85
1458663542,  48202, 3027560.612, 695, 698, 86
1458663543,  48202, 3027561.408, 671, 695, 87
1458663543,  48202, 3027562.013, 683, 671, 88
1458663544,  48202, 3027562.586, 683, 683, 87
1458663545,  48202, 3027563.185, 672, 683, 88
1458663546,  48202, 3027564.39, 691, 672, 88
1458663546,  48202, 3027564.612, 686, 691, 87
1458663547,  48202, 3027565.388, 645, 686, 90
1458663547,  48202, 3027566.014, 621, 645, 94
1458663548,  48202, 3027566.388, 612, 621, 97
1458663548,  48202, 3027566.994, 609, 612, 98
1458663549,  48202, 3027567.609, 602, 609, 99
1458663550,  48202, 3027568.214, 598, 602, 100
1458663550,  48202, 3027568.811, 589, 598, 101
1458663551,  48202, 3027569.99, 587, 583, 102
1458663553,  48202, 3027571.989, 623, 619, 96
1458663555,  48202, 3027573.985, 606, 606, 99
1458663556,  48202, 3027574.811, 619, 606, 98
1458663556,  48202, 3027574.993, 617, 619, 97
1458663557,  48202, 3027575.594, 642, 617, 95
1458663558,  48202, 3027576.589, 676, 642, 91
1458663559,  48202, 3027577.194, 678, 676, 88
1458663559,  48202, 3027577.611, 619, 678, 92
1458663559,  48202, 3027577.995, 654, 619, 94
1458663560,  48202, 3027578.992, 443, 654, 109
1458663561,  48202, 3027579.386, 667, 443, 108
1458663561,  48202, 3027579.985, 564, 667, 97
1458663562,  48202, 3027580.416, 536, 564, 109
1458663562,  48202, 3027580.809, 532, 536, 112
1458663563,  48202, 3027581.414, 520, 532, 114
1458663563,  48202, 3027581.787, 512, 520, 116
1458663564,  48202, 3027582.411, 519, 512, 116
1458663564,  48202, 3027583.01, 521, 519, 115
1458663565,  48202, 3027583.589, 525, 521, 114
1458663565,  48202, 3027583.991, 519, 525, 114
1458663566,  48202, 3027584.589, 517, 519, 115
1458663566,  48202, 3027584.987, 528, 517, 114
1458663567,  48202, 3027586.014, 581, 528, 108
1458663568,  48202, 3027586.407, 649, 581, 97
1458663568,  48202, 3027587.013, 683, 649, 90
1458663569,  48202, 3027587.809, 649, 683, 90
1458663570,  48202, 3027588.386, 623, 649, 94
1458663571,  48202, 3027589.208, 680, 623, 92
1458663571,  48202, 3027590.016, 791, 680, 81
1458663572,  48202, 3027590.611, 782, 791, 76
1458663573,  48202, 3027591.39, 714, 782, 80
1458663574,  48202, 3027592.388, 726, 714, 83
1458663574,  48202, 3027592.99, 795, 726, 78
1458663575,  48202, 3027593.81, 804, 795, 75
1458663576,  48202, 3027594.588, 769, 804, 76
1458663577,  48202, 3027595.587, 803, 769, 76
1458663578,  48202, 3027596.187, 876, 803, 71
1458663578,  48202, 3027596.986, 824, 876, 70
1458663579,  48202, 3027597.987, 824, 824, 72
1458663580,  48202, 3027598.987, 895, 824, 69
1458663581,  48202, 3027599.592, 808, 895, 70
1458663582,  48202, 3027600.411, 756, 808, 76
1458663583,  48202, 3027601.187, 826, 756, 75
1458663583,  48202, 3027601.987, 884, 826, 70
1458663584,  48202, 3027602.986, 824, 884, 70
1458663585,  48202, 3027603.814, 870, 824, 70
1458663586,  48202, 3027604.812, 900, 870, 67
1458663587,  48202, 3027605.794, 858, 900, 68
1458663588,  48202, 3027606.395, 814, 858, 71
1458663589,  48202, 3027607.211, 843, 814, 72
1458663590,  48202, 3027608.21, 870, 843, 70
1458663590,  48202, 3027608.792, 796, 870, 72
1458663591,  48202, 3027609.612, 746, 796, 77
1458663592,  48202, 3027610.394, 780, 746, 78
1458663592,  48202, 3027610.998, 781, 780, 76
1458663593,  48202, 3027611.991, 731, 781, 79
1458663594,  48202, 3027612.794, 817, 731, 77
1458663595,  48202, 3027613.815, 863, 817, 71
1458663596,  48202, 3027614.787, 805, 863, 71
1458663597,  48202, 3027615.388, 833, 805, 73
1458663597,  48202, 3027615.987, 816, 833, 72
1458663598,  48202, 3027616.996, 757, 816, 76
1458663599,  48202, 3027617.798, 834, 757, 75
1458663600,  48202, 3027618.397, 827, 834, 72
1458663601,  48202, 3027619.213, 762, 827, 75
1458663601,  48202, 3027619.789, 761, 762, 78
1458663602,  48202, 3027620.588, 737, 761, 80
1458663603,  48202, 3027621.193, 680, 737, 84
1458663603,  48202, 3027622.013, 692, 680, 87
1458663604,  48202, 3027622.81, 744, 692, 83
1458663605,  48202, 3027623.416, 719, 744, 82
1458663606,  48202, 3027624.394, 715, 719, 83
1458663607,  48202, 3027625.389, 886, 715, 75
1458663607,  48202, 3027626.014, 865, 886, 68
1458663608,  48202, 3027626.811, 847, 865, 70
1458663609,  48202, 3027627.79, 875, 847, 69
1458663610,  48202, 3027628.588, 810, 875, 71
1458663611,  48202, 3027629.591, 64006, 513, 1
1458663611,  48202, 3027629.993, 828, 810, 73
1458663612,  48202, 3027630.194, 807, 828, 73
1458663613,  48202, 3027631.198, 868, 807, 71
1458663613,  48202, 3027631.818, 827, 868, 70
1458663614,  48202, 3027632.413, 704, 827, 78
1458663615,  48202, 3027633.189, 659, 704, 88
1458663615,  48202, 3027633.597, 631, 659, 93
1458663616,  48202, 3027634.214, 631, 631, 95
1458663617,  48202, 3027635.596, 595, 622, 98
1458663617,  48202, 3027635.99, 592, 595, 101
1458663618,  48202, 3027636.793, 587, 592, 101
1458663619,  48202, 3027637.394, 602, 587, 101
1458663619,  48202, 3027638.017, 631, 602, 97
1458663620,  48202, 3027638.991, 670, 631, 92
1458663621,  48202, 3027639.213, 659, 670, 90
1458663622,  48202, 3027640.217, 636, 659, 92
1458663622,  48202, 3027640.997, 654, 636, 93
1458663623,  48202, 3027641.192, 648, 654, 92
1458663623,  48202, 3027641.792, 679, 648, 90
1458663624,  48202, 3027642.798, 655, 679, 89
1458663625,  48202, 3027643.614, 626, 655, 93
1458663625,  48202, 3027643.796, 656, 626, 93
1458663626,  48202, 3027644.613, 662, 656, 91
1458663627,  48202, 3027645.222, 694, 662, 88
1458663627,  48202, 3027645.792, 659, 694, 88
1458663628,  48202, 3027646.593, 651, 659, 91
1458663629,  48202, 3027647.394, 669, 651, 90
1458663629,  48202, 3027647.993, 710, 669, 87
1458663630,  48202, 3027648.593, 734, 710, 83
1458663631,  48202, 3027649.796, 715, 734, 82
1458663632,  48202, 3027650.219, 671, 715, 86
1458663632,  48202, 3027650.391, 657, 671, 90
1458663633,  48202, 3027651.198, 616, 657, 94
1458663633,  48202, 3027651.815, 615, 616, 97
1458663634,  48202, 3027652.39, 609, 615, 98
1458663634,  48202, 3027652.996, 621, 609, 97
1458663635,  48202, 3027653.989, 619, 621, 96
1458663636,  48202, 3027654.401, 700, 619, 91
1458663637,  48202, 3027655.392, 728, 700, 84
1458663637,  48202, 3027655.79, 707, 728, 83
1458663638,  48202, 3027656.59, 687, 707, 86
1458663639,  48202, 3027657.195, 672, 687, 88
1458663640,  48202, 3027658.196, 680, 672, 88
1458663640,  48202, 3027658.593, 684, 680, 87
1458663641,  48202, 3027659.194, 671, 684, 88
1458663641,  48202, 3027659.792, 684, 671, 88
1458663642,  48202, 3027660.593, 706, 684, 86
1458663643,  48202, 3027661.413, 676, 706, 86
1458663644,  48202, 3027662.19, 766, 676, 83
1458663645,  48202, 3027663.199, 739, 766, 79
1458663645,  48202, 3027663.818, 755, 739, 80
1458663646,  48202, 3027664.419, 725, 755, 81
1458663647,  48202, 3027665.216, 695, 725, 84
1458663647,  48202, 3027665.622, 662, 695, 88
1458663648,  48202, 3027666.22, 650, 662, 91
1458663648,  48202, 3027666.995, 636, 650, 93
1458663649,  48202, 3027667.617, 656, 636, 92
1458663650,  48202, 3027668.396, 659, 656, 91
1458663651,  48202, 3027669.215, 678, 659, 89
1458663651,  48202, 3027669.82, 698, 678, 87
1458663652,  48202, 3027670.59, 681, 698, 87
1458663652,  48202, 3027671.018, 709, 681, 86
1458663653,  48202, 3027672.02, 719, 709, 84
1458663654,  48202, 3027672.615, 708, 719, 84
1458663655,  48202, 3027673.196, 680, 708, 86
1458663655,  48202, 3027674.003, 679, 680, 88
1458663656,  48202, 3027674.393, 630, 679, 91
1458663657,  48202, 3027675.416, 603, 630, 97
1458663657,  48202, 3027675.598, 583, 603, 101
1458663658,  48202, 3027676.193, 573, 583, 103
1458663658,  48202, 3027676.616, 543, 573, 107
1458663659,  48202, 3027677.191, 546, 543, 110
1458663660,  48202, 3027678.192, 526, 541, 112
1458663660,  48202, 3027678.797, 517, 526, 115
1458663661,  48202, 3027679.392, 518, 517, 116
1458663661,  48202, 3027679.999, 523, 518, 115
1458663662,  48202, 3027680.396, 526, 523, 114
1458663662,  48202, 3027680.799, 525, 526, 114
1458663663,  48202, 3027681.417, 520, 525, 114
1458663664,  48202, 3027682.194, 540, 520, 113
1458663664,  48202, 3027682.799, 566, 540, 108
1458663664,  48202, 3027683.021, 579, 566, 104
1458663665,  48202, 3027683.993, 572, 579, 104
1458663666,  48202, 3027684.615, 631, 572, 99
1458663667,  48202, 3027685.192, 737, 631, 87
1458663667,  48202, 3027686.001, 702, 737, 83
1458663668,  48202, 3027686.804, 733, 702, 83
1458663669,  48202, 3027687.398, 771, 733, 79
1458663669,  48202, 3027688.016, 709, 771, 81
1458663670,  48202, 3027688.798, 700, 709, 85
1458663671,  48202, 3027689.602, 64262, 513, 1
1458663671,  48202, 3027689.797, 726, 700, 84
1458663672,  48202, 3027690.221, 670, 726, 85
1458663672,  48202, 3027690.791, 658, 670, 90
1458663673,  48202, 3027691.6, 709, 658, 87
1458663674,  48202, 3027692.394, 687, 709, 85
1458663674,  48202, 3027692.994, 661, 687, 89
1458663675,  48202, 3027693.794, 696, 661, 88
1458663676,  48202, 3027694.593, 740, 696, 83
1458663677,  48202, 3027695.192, 703, 740, 83
1458663677,  48202, 3027695.8, 737, 703, 83
1458663678,  48202, 3027696.42, 738, 737, 81
1458663679,  48202, 3027697.42, 700, 738, 83
1458663679,  48202, 3027698.015, 733, 700, 83
1458663680,  48202, 3027698.997, 770, 733, 79
1458663681,  48202, 3027699.422, 731, 770, 80
1458663682,  48202, 3027700.396, 763, 731, 80
1458663683,  48202, 3027701.216, 823, 763, 75
1458663683,  48202, 3027701.816, 759, 823, 75
1458663684,  48202, 3027702.996, 788, 759, 77
1458663685,  48202, 3027703.594, 805, 788, 75
1458663686,  48202, 3027704.199, 743, 805, 77
1458663687,  48202, 3027705.219, 763, 743, 79
1458663687,  48202, 3027705.799, 786, 763, 77
1458663688,  48202, 3027706.397, 727, 786, 79
1458663689,  48202, 3027707.197, 764, 727, 80
1458663690,  48202, 3027708.2, 787, 764, 77
1458663690,  48202, 3027708.816, 745, 787, 78
1458663691,  48202, 3027709.999, 813, 745, 77
1458663692,  48202, 3027710.394, 745, 813, 77
1458663692,  48202, 3027711.0, 673, 745, 84
1458663693,  48202, 3027711.618, 658, 673, 90
1458663694,  48202, 3027712.398, 698, 658, 88
1458663695,  48202, 3027713.197, 685, 698, 86
1458663695,  48202, 3027713.795, 701, 685, 86
1458663696,  48202, 3027714.393, 737, 701, 83
1458663696,  48202, 3027714.999, 688, 737, 84
1458663697,  48202, 3027715.594, 644, 688, 90
1458663698,  48202, 3027716.202, 605, 644, 96
1458663698,  48202, 3027716.997, 593, 605, 100
1458663699,  48202, 3027717.598, 606, 593, 100
1458663699,  48202, 3027718.022, 621, 606, 97
1458663700,  48202, 3027718.803, 621, 621, 96
1458663701,  48202, 3027719.395, 594, 621, 98
1458663701,  48202, 3027719.795, 571, 594, 103
1458663702,  48202, 3027720.625, 561, 571, 106
1458663702,  48202, 3027720.998, 573, 561, 105
1458663703,  48202, 3027721.593, 609, 573, 101
1458663704,  48202, 3027722.198, 617, 609, 97
1458663704,  48202, 3027722.818, 599, 617, 98
1458663705,  48202, 3027723.394, 619, 599, 98
1458663706,  48202, 3027724.393, 658, 619, 94
1458663706,  48202, 3027724.817, 639, 658, 92
1458663707,  48202, 3027725.422, 604, 639, 96
1458663707,  48202, 3027725.796, 583, 604, 101
1458663708,  48202, 3027726.595, 572, 583, 103
1458663709,  48202, 3027727.2, 636, 572, 99
1458663709,  48202, 3027727.816, 693, 636, 90
1458663710,  48202, 3027728.618, 678, 693, 87
1458663711,  48202, 3027729.398, 692, 678, 87
1458663711,  48202, 3027729.997, 698, 692, 86
1458663712,  48202, 3027730.602, 689, 698, 86
1458663713,  48202, 3027731.418, 694, 689, 86
1458663714,  48202, 3027732.195, 700, 694, 86
1458663714,  48202, 3027732.801, 719, 700, 84
1458663715,  48202, 3027733.42, 711, 719, 83
1458663716,  48202, 3027734.217, 694, 711, 85
1458663716,  48202, 3027734.994, 695, 694, 86
1458663717,  48202, 3027735.821, 767, 695, 82
1458663718,  48202, 3027736.399, 776, 767, 77
1458663719,  48202, 3027737.418, 764, 776, 77
1458663719,  48202, 3027738.024, 800, 764, 76
1458663720,  48202, 3027738.794, 785, 800, 75
1458663721,  48202, 3027739.602, 795, 785, 75
1458663722,  48202, 3027740.6, 742, 795, 78
1458663723,  48202, 3027741.199, 754, 742, 80
1458663723,  48202, 3027742.022, 752, 754, 79
1458663724,  48202, 3027742.618, 787, 752, 78
1458663725,  48202, 3027743.394, 773, 787, 76
1458663726,  48202, 3027744.422, 764, 773, 78
1458663727,  48202, 3027745.222, 806, 764, 76
1458663727,  48202, 3027745.821, 782, 806, 75
1458663728,  48202, 3027746.62, 741, 782, 78
1458663729,  48202, 3027747.399, 708, 741, 82
1458663729,  48202, 3027747.998, 665, 708, 87
1458663730,  48202, 3027748.399, 627, 665, 92
1458663730,  48202, 3027748.998, 605, 627, 97
1458663731,  48202, 3027749.824, 64518, 513, 1
1458663732,  48202, 3027750.199, 610, 595, 99
1458663732,  48202, 3027750.805, 609, 610, 98
1458663733,  48202, 3027751.42, 607, 609, 98
1458663734,  48202, 3027752.201, 601, 607, 99
1458663734,  48202, 3027752.621, 608, 601, 99
1458663735,  48202, 3027753.603, 659, 608, 94
1458663735,  48202, 3027753.999, 680, 659, 89
1458663736,  48202, 3027754.796, 726, 680, 85
1458663737,  48202, 3027755.827, 764, 726, 80
1458663738,  48202, 3027756.402, 736, 764, 80
1458663738,  48202, 3027757.018, 761, 736, 80
1458663739,  48202, 3027757.825, 715, 761, 81
1458663740,  48202, 3027758.597, 677, 715, 86
1458663741,  48202, 3027759.198, 705, 677, 86
1458663744,  48202, 3027762.202, 666, 672, 89
1458663744,  48202, 3027762.804, 644, 666, 91
1458663745,  48202, 3027763.198, 639, 644, 93
1458663745,  48202, 3027763.819, 638, 639, 94
1458663746,  48202, 3027764.424, 630, 638, 94
1458663747,  48202, 3027765.224, 615, 630, 96
1458663747,  48202, 3027765.396, 605, 615, 98
1458663747,  48202, 3027765.998, 582, 605, 101
1458663748,  48202, 3027766.596, 573, 582, 103
1458663749,  48202, 3027767.206, 569, 573, 105
1458663749,  48202, 3027767.821, 578, 569, 104
1458663750,  48202, 3027768.4, 585, 578, 103
1458663750,  48202, 3027769.023, 588, 585, 102
1458663751,  48202, 3027769.799, 593, 588, 101
1458663752,  48202, 3027770.404, 580, 593, 102
1458663752,  48202, 3027770.797, 570, 580, 104
1458663753,  48202, 3027771.223, 567, 570, 105
1458663753,  48202, 3027771.823, 541, 567, 108
1458663754,  48202, 3027772.2, 530, 541, 112
1458663754,  48202, 3027773.004, 517, 530, 114
1458663755,  48202, 3027773.199, 504, 517, 117
1458663755,  48202, 3027773.805, 501, 504, 119
1458663756,  48202, 3027774.424, 490, 501, 121
1458663756,  48202, 3027774.797, 409, 490, 133
1458663757,  48202, 3027775.406, 566, 409, 123
1458663757,  48202, 3027775.824, 483, 566, 114
1458663758,  48202, 3027776.198, 478, 483, 125
1458663758,  48202, 3027776.805, 491, 478, 123
1458663759,  48202, 3027777.602, 486, 497, 122
1458663760,  48202, 3027778.201, 486, 486, 123
1458663760,  48202, 3027778.797, 496, 486, 122
1458663761,  48202, 3027779.396, 514, 496, 118
1458663761,  48202, 3027780.002, 517, 514, 116
1458663762,  48202, 3027780.597, 506, 517, 117
1458663762,  48202, 3027781.0, 498, 506, 119
1458663763,  48202, 3027781.228, 499, 498, 120
1458663763,  48202, 3027781.825, 519, 499, 117
1458663764,  48202, 3027782.402, 554, 519, 111
1458663765,  48202, 3027783.199, 583, 554, 105
1458663765,  48202, 3027783.804, 581, 583, 103
1458663766,  48202, 3027784.204, 600, 581, 101
1458663766,  48202, 3027785.021, 679, 600, 93
1458663767,  48202, 3027785.597, 655, 679, 89
1458663768,  48202, 3027786.202, 634, 655, 93
1458663768,  48202, 3027786.8, 678, 634, 91
1458663769,  48202, 3027787.398, 662, 678, 89
1458663770,  48202, 3027788.4, 626, 662, 93
1458663770,  48202, 3027788.804, 631, 626, 95
1458663771,  48202, 3027789.621, 633, 631, 94
1458663772,  48202, 3027790.227, 607, 633, 96
1458663772,  48202, 3027790.6, 607, 607, 98
1458663773,  48202, 3027791.199, 629, 607, 97
1458663773,  48202, 3027791.799, 620, 629, 96
1458663774,  48202, 3027792.399, 596, 620, 98
1458663775,  48202, 3027793.61, 630, 604, 97
1458663776,  48202, 3027794.226, 618, 630, 96
1458663777,  48202, 3027795.205, 613, 618, 97
1458663777,  48202, 3027795.824, 641, 613, 95
1458663778,  48202, 3027796.207, 655, 641, 92
1458663778,  48202, 3027796.827, 631, 655, 93
1458663779,  48202, 3027797.626, 609, 631, 96
1458663779,  48202, 3027798.004, 599, 609, 99
1458663780,  48202, 3027798.602, 611, 599, 99
1458663781,  48202, 3027799.401, 620, 611, 97
1458663781,  48202, 3027799.804, 601, 620, 98
1458663782,  48202, 3027800.399, 597, 601, 100
1458663783,  48202, 3027801.206, 600, 597, 100
1458663783,  48202, 3027801.821, 613, 600, 99
1458663784,  48202, 3027802.224, 610, 613, 98
1458663784,  48202, 3027803.002, 613, 610, 98
1458663785,  48202, 3027803.607, 646, 613, 95
1458663786,  48202, 3027804.625, 677, 646, 90
1458663786,  48202, 3027804.999, 655, 677, 90
1458663787,  48202, 3027805.798, 676, 655, 90
1458663788,  48202, 3027806.404, 666, 676, 89
1458663788,  48202, 3027806.827, 627, 666, 92
1458663789,  48202, 3027807.604, 630, 627, 95
1458663790,  48202, 3027808.199, 668, 630, 92
1458663790,  48202, 3027808.804, 654, 668, 90
1458663791,  48202, 3027809.608, 64774, 513, 1
1458663791,  48202, 3027809.801, 634, 654, 93
1458663792,  48202, 3027810.226, 670, 634, 92
1458663792,  48202, 3027810.8, 703, 670, 87
1458663793,  48202, 3027811.406, 652, 703, 88
1458663793,  48202, 3027812.021, 636, 652, 93
1458663794,  48202, 3027812.825, 631, 636, 94
1458663795,  48202, 3027813.205, 611, 631, 96
1458663795,  48202, 3027813.826, 586, 611, 100
1458663796,  48202, 3027814.804, 597, 586, 101
1458663797,  48202, 3027815.208, 644, 597, 96
1458663797,  48202, 3027816.004, 690, 644, 89
1458663798,  48202, 3027816.607, 635, 690, 90
1458663798,  48202, 3027817.006, 624, 635, 95
1458663799,  48202, 3027817.626, 611, 624, 97
1458663800,  48202, 3027818.404, 591, 611, 99
1458663800,  48202, 3027818.804, 622, 591, 99
1458663801,  48202, 3027819.804, 585, 622, 99
1458663801,  48202, 3027820.003, 589, 585, 102
1458663802,  48202, 3027820.604, 583, 589, 102
1458663803,  48202, 3027821.199, 441, 583, 117
1458663803,  48202, 3027821.804, 770, 441, 99
1458663804,  48202, 3027822.604, 595, 770, 87
1458663805,  48202, 3027823.227, 580, 595, 102
1458663805,  48202, 3027823.605, 583, 580, 103
1458663806,  48202, 3027824.423, 573, 583, 103
1458663806,  48202, 3027825.005, 569, 573, 105
1458663807,  48202, 3027825.399, 560, 569, 106
1458663807,  48202, 3027825.825, 563, 560, 106
1458663808,  48202, 3027826.604, 562, 563, 106
1458663809,  48202, 3027827.209, 561, 562, 106
1458663809,  48202, 3027827.603, 577, 561, 105
1458663810,  48202, 3027828.208, 598, 577, 102
1458663810,  48202, 3027828.999, 604, 598, 99
1458663811,  48202, 3027829.403, 606, 604, 99
1458663811,  48202, 3027830.002, 591, 606, 100
1458663812,  48202, 3027831.027, 561, 573, 105
1458663813,  48202, 3027831.605, 534, 561, 109
1458663814,  48202, 3027832.202, 529, 534, 112
1458663814,  48202, 3027832.81, 525, 529, 113
1458663815,  48202, 3027833.205, 525, 525, 114
1458663815,  48202, 3027833.8, 524, 525, 114
1458663816,  48202, 3027834.204, 515, 524, 115
1458663816,  48202, 3027835.0, 526, 515, 115
1458663817,  48202, 3027835.606, 564, 526, 110
1458663817,  48202, 3027836.003, 603, 564, 102
1458663818,  48202, 3027836.602, 399, 421, 146
1458663819,  48202, 3027837.199, 373, 399, 155
1458663819,  48202, 3027837.805, 583, 373, 125
1458663820,  48202, 3027838.404, 573, 583, 103
1458663820,  48202, 3027838.83, 558, 573, 106
1458663821,  48202, 3027839.611, 556, 558, 107
1458663822,  48202, 3027840.201, 573, 556, 106
1458663822,  48202, 3027840.625, 598, 573, 102
1458663823,  48202, 3027841.2, 635, 598, 97
1458663823,  48202, 3027842.007, 644, 635, 93
1458663824,  48202, 3027842.628, 623, 644, 94
1458663824,  48202, 3027843.002, 602, 623, 98
1458663826,  48202, 3027844.412, 583, 583, 102
1458663826,  48202, 3027844.61, 610, 583, 100
1458663827,  48202, 3027845.225, 292, 610, 133
1458663827,  48202, 3027845.808, 326, 292, 194
1458663828,  48202, 3027846.202, 625, 326, 126
1458663828,  48202, 3027846.802, 611, 625, 97
1458663829,  48202, 3027847.628, 620, 611, 97
1458663829,  48202, 3027848.002, 608, 620, 97
1458663830,  48202, 3027848.607, 606, 608, 98
1458663831,  48202, 3027849.202, 605, 606, 99
1458663831,  48202, 3027850.006, 595, 605, 100
1458663832,  48202, 3027850.4, 602, 595, 100
1458663832,  48202, 3027851.005, 613, 602, 98
1458663833,  48202, 3027851.802, 638, 613, 96
1458663834,  48202, 3027852.231, 644, 638, 93
1458663834,  48202, 3027852.63, 619, 644, 95
1458663835,  48202, 3027853.607, 608, 619, 97
1458663836,  48202, 3027854.202, 560, 608, 102
1458663836,  48202, 3027854.625, 534, 560, 109
1458663836,  48202, 3027855.029, 518, 534, 114
1458663837,  48202, 3027855.83, 513, 518, 116
1458663837,  48202, 3027856.003, 498, 513, 118
1458663838,  48202, 3027856.403, 482, 498, 122
1458663838,  48202, 3027857.008, 490, 482, 123
1458663839,  48202, 3027857.405, 487, 490, 122
1458663839,  48202, 3027858.029, 475, 487, 124
1458663840,  48202, 3027858.604, 479, 475, 125
1458663840,  48202, 3027858.801, 477, 479, 125
1458663841,  48202, 3027859.604, 477, 477, 125
1458663841,  48202, 3027859.826, 473, 477, 126
1458663842,  48202, 3027860.431, 484, 473, 125
1458663842,  48202, 3027861.03, 493, 484, 122
1458663843,  48202, 3027861.408, 492, 493, 121
1458663843,  48202, 3027862.01, 494, 492, 121
1458663844,  48202, 3027862.41, 526, 494, 117
1458663844,  48202, 3027863.031, 552, 526, 111
1458663845,  48202, 3027863.405, 539, 552, 110
1458663846,  48202, 3027864.208, 554, 539, 109
1458663846,  48202, 3027864.807, 602, 554, 103
1458663847,  48202, 3027865.232, 595, 602, 100
1458663847,  48202, 3027866.005, 585, 595, 101
1458663848,  48202, 3027866.61, 611, 585, 100
1458663849,  48202, 3027867.205, 641, 611, 95
1458663849,  48202, 3027867.803, 611, 641, 95
1458663850,  48202, 3027868.401, 620, 611, 97
1458663850,  48202, 3027869.003, 639, 620, 95
1458663851,  48202, 3027869.827, 65028, 514, 1
1458663851,  48202, 3027870.009, 626, 639, 94
1458663852,  48202, 3027870.402, 621, 626, 96
1458663852,  48202, 3027871.007, 652, 621, 94
1458663853,  48202, 3027871.615, 667, 652, 91
1458663854,  48202, 3027872.207, 623, 667, 93
1458663854,  48202, 3027872.802, 612, 623, 97
1458663855,  48202, 3027873.41, 622, 612, 97
1458663855,  48202, 3027874.027, 593, 622, 98
1458663856,  48202, 3027874.631, 573, 593, 102
1458663857,  48202, 3027875.406, 572, 573, 104
1458663857,  48202, 3027876.031, 574, 572, 104
1458663858,  48202, 3027876.404, 568, 574, 105
1458663858,  48202, 3027876.808, 558, 568, 106
1458663859,  48202, 3027877.826, 561, 558, 107
1458663860,  48202, 3027878.21, 597, 561, 103
1458663860,  48202, 3027878.603, 634, 597, 97
1458663861,  48202, 3027879.41, 630, 634, 94
1458663861,  48202, 3027880.01, 660, 630, 93
1458663862,  48202, 3027880.625, 663, 660, 90
1458663863,  48202, 3027881.231, 635, 663, 92
1458663863,  48202, 3027881.803, 626, 635, 95
1458663864,  48202, 3027882.821, 635, 626, 95
1458663865,  48202, 3027883.208, 615, 635, 96
1458663865,  48202, 3027883.803, 599, 615, 98
1458663866,  48202, 3027884.402, 615, 599, 98
1458663866,  48202, 3027885.002, 641, 615, 95
1458663867,  48202, 3027885.607, 600, 641, 96
1458663868,  48202, 3027886.612, 595, 600, 100
1458663868,  48202, 3027886.811, 615, 595, 99
1458663869,  48202, 3027887.404, 620, 615, 97
1458663869,  48202, 3027888.005, 590, 620, 99
1458663870,  48202, 3027888.812, 562, 590, 104
1458663870,  48202, 3027889.004, 549, 562, 108
1458663871,  48202, 3027889.808, 558, 549, 108
1458663872,  48202, 3027890.61, 617, 558, 102
1458663873,  48202, 3027891.205, 668, 617, 93
1458663873,  48202, 3027891.629, 643, 668, 91
1458663874,  48202, 3027892.405, 625, 643, 94
1458663874,  48202, 3027893.011, 658, 625, 93
1458663875,  48202, 3027893.604, 681, 658, 89
1458663876,  48202, 3027894.21, 652, 681, 90
1458663877,  48202, 3027895.231, 664, 652, 91
1458663877,  48202, 3027895.807, 706, 664, 87
1458663878,  48202, 3027896.412, 691, 706, 85
1458663879,  48202, 3027897.208, 681, 691, 87
1458663879,  48202, 3027898.029, 726, 681, 85
1458663880,  48202, 3027898.604, 690, 726, 84
1458663880,  48202, 3027899.027, 660, 690, 88
1458663881,  48202, 3027899.632, 639, 660, 92
1458663882,  48202, 3027900.409, 619, 639, 95
1458663882,  48202, 3027900.809, 583, 619, 99
1458663883,  48202, 3027901.807, 567, 583, 104
1458663884,  48202, 3027902.406, 589, 567, 103
1458663884,  48202, 3027902.83, 714, 589, 92
1458663885,  48202, 3027903.811, 723, 714, 83
1458663886,  48202, 3027904.205, 690, 723, 84
1458663886,  48202, 3027905.012, 641, 690, 90
1458663887,  48202, 3027905.405, 596, 641, 97
1458663887,  48202, 3027906.01, 582, 596, 101
1458663888,  48202, 3027906.805, 603, 582, 101
1458663889,  48202, 3027907.413, 686, 603, 93
1458663890,  48202, 3027908.227, 736, 686, 84
1458663890,  48202, 3027908.832, 725, 736, 82
1458663891,  48202, 3027909.605, 704, 725, 84
1458663892,  48202, 3027910.213, 689, 704, 86
1458663892,  48202, 3027911.027, 696, 689, 86
1458663893,  48202, 3027911.411, 686, 696, 86
1458663894,  48202, 3027912.432, 726, 686, 84
1458663894,  48202, 3027913.014, 708, 726, 83
1458663895,  48202, 3027913.81, 707, 708, 84
1458663896,  48202, 3027914.233, 614, 707, 90
1458663897,  48202, 3027915.21, 750, 614, 87
1458663897,  48202, 3027915.808, 623, 750, 87
1458663898,  48202, 3027916.408, 738, 623, 88
1458663899,  48202, 3027917.228, 678, 738, 84
1458663899,  48202, 3027918.004, 674, 678, 88
1458663900,  48202, 3027918.41, 659, 674, 90
1458663900,  48202, 3027919.03, 640, 659, 92
1458663901,  48202, 3027919.804, 609, 640, 96
1458663902,  48202, 3027920.41, 598, 609, 99
1458663902,  48202, 3027920.814, 604, 598, 99
1458663903,  48202, 3027921.611, 590, 604, 100
1458663904,  48202, 3027922.205, 598, 590, 101
1458663904,  48202, 3027922.631, 588, 598, 101
1458663905,  48202, 3027923.208, 585, 588, 102
1458663905,  48202, 3027923.633, 577, 585, 103
1458663905,  48202, 3027924.006, 257, 577, 143
1458663906,  48202, 3027924.43, 301, 257, 215
1458663906,  48202, 3027925.004, 547, 301, 141
1458663907,  48202, 3027925.43, 536, 547, 110
1458663907,  48202, 3027926.01, 538, 536, 111
1458663908,  48202, 3027926.407, 542, 538, 111
1458663909,  48202, 3027927.208, 545, 542, 110
1458663909,  48202, 3027927.813, 564, 545, 108
1458663910,  48202, 3027928.215, 568, 564, 106
1458663910,  48202, 3027928.833, 560, 568, 106
1458663911,  48202, 3027929.207, 562, 560, 106
1458663911,  48202, 3027929.612, 65284, 514, 1
1458663911,  48202, 3027930.005, 563, 562, 106
1458663912,  48202, 3027930.227, 541, 563, 108
1458663913,  48202, 3027931.407, 542, 540, 110
1458663914,  48202, 3027932.208, 564, 542, 108
1458663914,  48202, 3027932.814, 594, 564, 103
1458663915,  48202, 3027933.208, 605, 594, 100
1458663915,  48202, 3027933.805, 622, 605, 97
1458663916,  48202, 3027934.608, 600, 622, 98
1458663917,  48202, 3027935.234, 591, 600, 100
1458663917,  48202, 3027935.613, 580, 591, 102
1458663918,  48202, 3027936.228, 567, 580, 104
1458663918,  48202, 3027936.611, 552, 567, 107
1458663919,  48202, 3027937.206, 538, 552, 110
1458663919,  48202, 3027937.814, 528, 538, 112
1458663920,  48202, 3027938.429, 519, 528, 114
1458663920,  48202, 3027938.814, 500, 519, 117
1458663921,  48202, 3027939.43, 498, 500, 120
1458663921,  48202, 3027939.606, 490, 498, 121
1458663922,  48202, 3027940.211, 483, 490, 123
1458663922,  48202, 3027940.606, 489, 483, 123
1458663923,  48202, 3027941.207, 499, 489, 121
1458663923,  48202, 3027941.808, 519, 499, 117
1458663924,  48202, 3027942.232, 529, 519, 114
1458663924,  48202, 3027942.834, 532, 529, 113
1458663925,  48202, 3027943.429, 527, 532, 113
1458663925,  48202, 3027944.011, 506, 527, 116
1458663926,  48202, 3027944.607, 506, 506, 118
1458663926,  48202, 3027944.83, 508, 506, 118
1458663927,  48202, 3027945.421, 515, 508, 117
1458663927,  48202, 3027945.81, 515, 515, 116
1458663928,  48202, 3027946.416, 532, 515, 114
1458663928,  48202, 3027947.032, 542, 532, 111
1458663929,  48202, 3027947.607, 531, 542, 111
1458663929,  48202, 3027948.031, 539, 531, 112
1458663930,  48202, 3027949.009, 518, 534, 114
1458663931,  48202, 3027949.611, 492, 518, 118
1458663931,  48202, 3027950.009, 475, 492, 124
1458663932,  48202, 3027950.413, 479, 475, 125
1458663932,  48202, 3027950.812, 468, 479, 126
1458663933,  48202, 3027951.435, 456, 468, 129
1458663933,  48202, 3027951.808, 465, 456, 130
1458663934,  48202, 3027952.414, 459, 465, 129
1458663934,  48202, 3027952.816, 452, 459, 131
1458663935,  48202, 3027953.214, 451, 452, 133
1458663935,  48202, 3027953.607, 459, 451, 131
1458663936,  48202, 3027954.213, 468, 459, 129
1458663936,  48202, 3027954.608, 479, 468, 126
1458663937,  48202, 3027955.214, 465, 479, 127
1458663937,  48202, 3027955.607, 486, 465, 126
1458663937,  48202, 3027956.01, 502, 486, 121
1458663938,  48202, 3027956.615, 510, 502, 118
1458663938,  48202, 3027957.012, 494, 510, 119
1458663939,  48202, 3027957.832, 499, 494, 120
1458663940,  48202, 3027958.232, 531, 499, 116
1458663940,  48202, 3027958.615, 538, 531, 112
1458663941,  48202, 3027959.237, 527, 538, 112
1458663941,  48202, 3027959.836, 546, 527, 111
1458663942,  48202, 3027960.431, 588, 546, 105
1458663942,  48202, 3027961.007, 592, 588, 101
1458663943,  48202, 3027961.613, 599, 592, 100
1458663944,  48202, 3027962.431, 681, 599, 93
1458663944,  48202, 3027963.009, 711, 681, 86
1458663945,  48202, 3027963.63, 630, 711, 89
1458663946,  48202, 3027964.236, 626, 630, 95
1458663946,  48202, 3027964.832, 600, 626, 97
1458663947,  48202, 3027965.41, 596, 600, 100
1458663947,  48202, 3027966.008, 618, 596, 98
1458663948,  48202, 3027966.618, 590, 618, 99
1458663949,  48202, 3027967.235, 595, 590, 101
1458663949,  48202, 3027968.011, 628, 595, 98
1458663950,  48202, 3027968.607, 615, 628, 96
1458663951,  48202, 3027969.212, 610, 615, 98
1458663951,  48202, 3027969.807, 656, 610, 94
1458663952,  48202, 3027970.81, 653, 656, 91
1458663952,  48202, 3027971.035, 605, 653, 95
1458663953,  48202, 3027971.634, 619, 605, 98
1458663955,  48202, 3027973.409, 588, 590, 101
1458663956,  48202, 3027974.417, 580, 588, 102
1458663956,  48202, 3027974.61, 566, 580, 104
1458663957,  48202, 3027975.417, 573, 566, 105
1458663957,  48202, 3027976.032, 621, 573, 100
1458663958,  48202, 3027976.415, 639, 621, 95
1458663959,  48202, 3027977.208, 609, 639, 96
1458663959,  48202, 3027977.812, 612, 609, 98
1458663960,  48202, 3027978.236, 632, 612, 96
1458663960,  48202, 3027978.831, 618, 632, 96
1458663961,  48202, 3027980.014, 614, 618, 97
1458663962,  48202, 3027980.237, 618, 614, 97
1458663963,  48202, 3027981.212, 609, 618, 97
1458663963,  48202, 3027982.01, 590, 599, 101
1458663964,  48202, 3027982.413, 586, 590, 102
1458663966,  48202, 3027984.216, 617, 602, 98
1458663966,  48202, 3027984.408, 602, 617, 98
1458663966,  48202, 3027985.014, 611, 602, 99
1458663967,  48202, 3027985.632, 584, 611, 100
1458663968,  48202, 3027986.237, 594, 584, 101
1458663968,  48202, 3027986.809, 606, 594, 100
1458663969,  48202, 3027987.416, 609, 606, 98
1458663970,  48202, 3027988.415, 609, 609, 98
1458663970,  48202, 3027988.808, 641, 609, 96
1458663971,  48202, 3027989.415, 624, 641, 94
1458663971,  48202, 3027989.815, 5, 514, 231
1458663971,  48202, 3027990.037, 621, 624, 96
1458663972,  48202, 3027990.614, 630, 621, 96
1458663973,  48202, 3027991.238, 600, 630, 97
1458663973,  48202, 3027991.623, 606, 600, 99
1458663974,  48202, 3027992.238, 615, 606, 98
1458663974,  48202, 3027993.015, 601, 615, 98
1458663975,  48202, 3027993.416, 600, 601, 100
1458663975,  48202, 3027994.036, 607, 600, 99
1458663976,  48202, 3027995.036, 589, 607, 100
1458663977,  48202, 3027995.61, 604, 589, 100
1458663977,  48202, 3027995.835, 597, 604, 100
1458663979,  48202, 3027997.609, 604, 596, 100
1458663981,  48202, 3027999.214, 600, 590, 100
1458663981,  48202, 3027999.613, 608, 600, 99
1458663982,  48202, 3028000.819, 575, 581, 103
1458663983,  48202, 3028002.017, 573, 582, 103
1458663985,  48202, 3028003.812, 560, 572, 106
1458663987,  48202, 3028005.209, 573, 565, 105
1458663987,  48202, 3028005.633, 566, 573, 105
1458663988,  48202, 3028006.635, 593, 566, 103
1458663990,  48202, 3028008.628, 603, 607, 99
1458663993,  48202, 3028011.423, 587, 605, 100
1458663997,  48202, 3028015.212, 607, 585, 100
1458663997,  48202, 3028015.434, 616, 607, 98
1458664058,  48202, 3028076.42, 749, 771, 78
1458664074,  48202, 3028092.638, 792, 799, 75
1458664083,  48202, 3028101.416, 951, 854, 66
1458664091,  48202, 3028109.219, 926, 930, 64
1458664118,  48202, 3028136.227, 821, 789, 74
1458664124,  48202, 3028143.023, 748, 795, 77
1458664126,  48202, 3028145.022, 660, 681, 89
1458664127,  48202, 3028145.247, 666, 660, 90
1458664579,  48202, 3028598.052, 772, 800, 76
1458664581,  48202, 3028599.072, 739, 772, 79
1458664581,  48202, 3028599.448, 718, 739, 82
1458664582,  48202, 3028600.247, 715, 718, 83
1458664583,  48202, 3028601.246, 671, 715, 86
1458664583,  48202, 3028601.669, 656, 671, 90
1458664584,  48202, 3028602.648, 652, 656, 91
1458664584,  48202, 3028602.87, 633, 652, 93
1458664585,  48202, 3028603.467, 632, 633, 94
1458664585,  48202, 3028604.045, 641, 632, 94
1458664586,  48202, 3028604.644, 651, 641, 92
1458664587,  48202, 3028605.249, 640, 651, 93
1458664588,  48202, 3028606.844, 638, 646, 93
1458664589,  48202, 3028607.248, 619, 638, 95
1458664590,  48202, 3028608.071, 627, 619, 96
1458664592,  48202, 3028610.85, 650, 649, 92
1458664593,  48202, 3028611.072, 631, 650, 93
1458664593,  48202, 3028611.869, 619, 631, 96
1458664594,  48202, 3028612.444, 603, 619, 98
1458664594,  48202, 3028612.848, 609, 603, 99
1458664595,  48202, 3028613.645, 618, 609, 97
1458664596,  48202, 3028614.251, 632, 618, 96
1458664596,  48202, 3028614.846, 662, 632, 92
1458664597,  48202, 3028615.844, 647, 662, 91
1458664598,  48202, 3028616.067, 637, 647, 93
1458664598,  48202, 3028616.653, 640, 637, 94
1458664599,  48202, 3028617.473, 645, 640, 93
1458664600,  48202, 3028618.068, 643, 645, 93
1458664600,  48202, 3028618.672, 637, 643, 93
1458664601,  48202, 3028619.645, 684, 637, 90
1458664602,  48202, 3028620.253, 764, 684, 82
1458664602,  48202, 3028621.05, 770, 764, 78
1458664603,  48202, 3028621.645, 727, 770, 80
1458664604,  48202, 3028622.454, 729, 727, 82
1458664605,  48202, 3028623.458, 784, 729, 79
1458664606,  48202, 3028624.245, 808, 784, 75
1458664606,  48202, 3028624.85, 764, 808, 76
1458664607,  48202, 3028625.869, 765, 764, 78
1458664608,  48202, 3028626.247, 756, 765, 78
1458664608,  48202, 3028627.045, 737, 756, 80
1458664609,  48202, 3028627.65, 688, 737, 84
1458664611,  48202, 3028629.854, 845, 737, 75
1458664612,  48202, 3028630.47, 909, 845, 68
1458664613,  48202, 3028631.246, 844, 909, 68
1458664614,  48202, 3028632.275, 905, 844, 68
1458664615,  48202, 3028633.275, 920, 905, 65
1458664615,  48202, 3028634.051, 855, 920, 67
1458664617,  48202, 3028635.053, 1009, 855, 64
1458664618,  48202, 3028636.053, 1021, 1009, 59
1458664618,  48202, 3028636.854, 924, 1021, 61
1458664619,  48202, 3028637.849, 859, 924, 67
1458664621,  48202, 3028639.251, 914, 859, 67
1458664621,  48202, 3028639.65, 968, 914, 63
1458664622,  48202, 3028640.663, 947, 968, 62
1458664623,  48202, 3028641.277, 795, 947, 68
1458664623,  48202, 3028642.048, 781, 795, 76
1458664624,  48202, 3028643.047, 860, 781, 73
1458664625,  48202, 3028643.853, 892, 860, 68
1458664626,  48202, 3028644.649, 780, 892, 71
1458664627,  48202, 3028645.673, 824, 780, 74
1458664628,  48202, 3028646.648, 941, 824, 68
1458664629,  48202, 3028647.847, 1015, 941, 61
1458664630,  48202, 3028648.859, 1019, 1015, 58
1458664631,  48202, 3028649.476, 939, 1019, 61
1458664631,  48202, 3028649.863, 2821, 514, 35
1458664632,  48202, 3028650.055, 939, 1019, 61
1458664632,  48202, 3028650.655, 959, 939, 63
1458664633,  48202, 3028651.652, 1051, 959, 59
1458664634,  48202, 3028652.474, 1036, 1051, 57
1458664635,  48202, 3028653.446, 948, 1036, 60
1458664636,  48202, 3028654.648, 1018, 948, 61
1458664637,  48202, 3028655.646, 1045, 1018, 58
1458664638,  48202, 3028656.869, 1033, 1045, 57
1458664640,  48202, 3028658.054, 1111, 1033, 55
1458664641,  48202, 3028659.075, 1100, 1111, 54
1458664642,  48202, 3028660.074, 1109, 1100, 54
1458664643,  48202, 3028661.853, 1135, 1109, 53
1458664644,  48202, 3028662.876, 1136, 1135, 52
1458664645,  48202, 3028663.673, 1115, 1136, 53
1458664646,  48202, 3028664.673, 1138, 1115, 53
1458664647,  48202, 3028665.457, 1068, 1138, 54
1458664648,  48202, 3028666.67, 1020, 1068, 57
1458664649,  48202, 3028667.455, 1054, 1020, 57
1458664650,  48202, 3028668.448, 914, 1054, 60
1458664651,  48202, 3028669.248, 895, 914, 66
1458664652,  48202, 3028670.247, 931, 895, 65
1458664652,  48202, 3028671.05, 885, 931, 66
1458664654,  48202, 3028672.053, 900, 885, 67
1458664655,  48202, 3028673.072, 932, 900, 65
1458664655,  48202, 3028673.849, 893, 932, 65
1458664656,  48202, 3028674.876, 921, 893, 66
1458664657,  48202, 3028675.85, 1032, 921, 61
1458664659,  48202, 3028677.074, 974, 1032, 59
1458664660,  48202, 3028678.055, 989, 974, 61
1458664660,  48202, 3028678.872, 1030, 989, 59
1458664661,  48202, 3028679.873, 1033, 1030, 58
1458664662,  48202, 3028680.85, 1015, 1033, 58
1458664663,  48202, 3028682.051, 1031, 1015, 58
1458664665,  48202, 3028683.255, 1125, 1031, 55
1458664666,  48202, 3028684.478, 1063, 1125, 54
1458664667,  48202, 3028685.448, 1114, 1063, 55
1458664668,  48202, 3028686.275, 1055, 1114, 55
1458664669,  48202, 3028687.274, 999, 1055, 58
1458664669,  48202, 3028687.852, 843, 999, 65
1458664670,  48202, 3028688.848, 747, 843, 75
1458664671,  48202, 3028689.453, 770, 747, 79
1458664672,  48202, 3028690.275, 800, 770, 76
1458664672,  48202, 3028691.049, 718, 800, 79
1458664673,  48202, 3028691.657, 675, 718, 86
1458664674,  48202, 3028692.449, 667, 675, 89
1458664675,  48202, 3028693.055, 757, 667, 84
1458664675,  48202, 3028693.853, 772, 757, 78
1458664676,  48202, 3028694.849, 781, 772, 77
1458664677,  48202, 3028695.255, 762, 781, 77
1458664678,  48202, 3028696.277, 713, 762, 81
1458664678,  48202, 3028696.651, 701, 713, 84
1458664679,  48202, 3028697.456, 687, 701, 86
1458664680,  48202, 3028698.458, 710, 687, 85
1458664680,  48202, 3028698.853, 749, 710, 82
1458664681,  48202, 3028699.651, 754, 749, 79
1458664682,  48202, 3028700.65, 754, 754, 79
1458664683,  48202, 3028701.259, 811, 754, 76
1458664684,  48202, 3028702.257, 774, 811, 75
1458664684,  48202, 3028702.651, 766, 774, 77
1458664685,  48202, 3028703.478, 734, 766, 80
1458664686,  48202, 3028704.456, 731, 734, 81
1458664687,  48202, 3028705.064, 784, 731, 79
1458664687,  48202, 3028705.85, 784, 784, 76
1458664688,  48202, 3028706.853, 787, 784, 76
1458664689,  48202, 3028707.278, 740, 787, 78
1458664690,  48202, 3028708.255, 703, 740, 83
1458664690,  48202, 3028708.679, 701, 703, 85
1458664691,  48202, 3028709.652, 3077, 514, 33
1458664692,  48202, 3028710.077, 707, 677, 86
1458664692,  48202, 3028710.874, 724, 707, 83
1458664693,  48202, 3028711.879, 752, 724, 81
1458664694,  48202, 3028712.475, 741, 752, 80
1458664695,  48202, 3028713.251, 736, 741, 81
1458664695,  48202, 3028713.853, 745, 736, 81
1458664696,  48202, 3028714.673, 722, 745, 81
1458664697,  48202, 3028715.278, 695, 722, 84
1458664697,  48202, 3028715.878, 682, 695, 87
1458664698,  48202, 3028716.475, 652, 682, 89
1458664698,  48202, 3028717.051, 651, 652, 92
1458664700,  48202, 3028718.054, 663, 651, 91
1458664700,  48202, 3028718.459, 677, 663, 89
1458664701,  48202, 3028719.478, 675, 677, 88
1458664701,  48202, 3028719.851, 659, 675, 89
1458664702,  48202, 3028720.252, 655, 659, 91
1458664703,  48202, 3028721.256, 637, 655, 92
1458664703,  48202, 3028721.675, 645, 637, 93
1458664704,  48202, 3028722.25, 637, 645, 93
1458664705,  48202, 3028723.061, 636, 637, 94
1458664705,  48202, 3028723.459, 649, 636, 93
1458664706,  48202, 3028724.253, 640, 649, 93
1458664707,  48202, 3028725.259, 643, 640, 93
1458664707,  48202, 3028725.451, 619, 643, 95
1458664708,  48202, 3028726.056, 607, 619, 97
1458664708,  48202, 3028726.651, 598, 607, 99
1458664709,  48202, 3028727.257, 594, 598, 100
1458664710,  48202, 3028728.057, 603, 594, 100
1458664710,  48202, 3028728.658, 671, 603, 94
1458664711,  48202, 3028729.456, 734, 671, 85
1458664711,  48202, 3028730.052, 693, 734, 84
1458664712,  48202, 3028730.853, 680, 693, 87
1458664713,  48202, 3028731.459, 662, 680, 89
1458664714,  48202, 3028732.682, 668, 661, 90
1458664715,  48202, 3028733.657, 671, 668, 89
1458664716,  48202, 3028734.258, 683, 671, 88
1458664716,  48202, 3028734.876, 675, 683, 88
1458664718,  48202, 3028736.055, 645, 660, 92
1458664718,  48202, 3028736.852, 649, 645, 92
1458664719,  48202, 3028737.478, 653, 649, 92
1458664720,  48202, 3028738.254, 659, 653, 91
1458664721,  48202, 3028739.669, 647, 650, 92
1458664722,  48202, 3028740.058, 635, 647, 93
1458664724,  48202, 3028742.853, 567, 572, 105
1458664725,  48202, 3028743.454, 575, 567, 105
1458664726,  48202, 3028744.08, 625, 575, 100
1458664726,  48202, 3028744.653, 653, 625, 93
1458664727,  48202, 3028745.661, 654, 653, 91
1458664728,  48202, 3028746.255, 700, 654, 88
1458664729,  48202, 3028747.253, 704, 700, 85
1458664729,  48202, 3028747.676, 691, 704, 86
1458664730,  48202, 3028748.453, 675, 691, 87
1458664731,  48202, 3028749.058, 678, 675, 88
1458664731,  48202, 3028749.451, 678, 678, 88
1458664732,  48202, 3028750.061, 634, 678, 91
1458664732,  48202, 3028750.679, 615, 634, 96
1458664733,  48202, 3028751.278, 609, 615, 98
1458664733,  48202, 3028751.853, 594, 609, 99
1458664734,  48202, 3028752.679, 689, 594, 93
1458664735,  48202, 3028753.48, 637, 689, 90
1458664736,  48202, 3028754.075, 638, 637, 94
1458664736,  48202, 3028754.68, 644, 638, 93
1458664737,  48202, 3028755.457, 627, 644, 94
1458664737,  48202, 3028755.68, 617, 627, 96
1458664738,  48202, 3028756.456, 603, 617, 98
1458664741,  48202, 3028759.26, 644, 629, 94
1458664742,  48202, 3028760.061, 642, 648, 93
1458664743,  48202, 3028761.053, 624, 642, 94
1458664743,  48202, 3028761.457, 618, 624, 96
1458664743,  48202, 3028761.854, 578, 618, 100
1458664744,  48202, 3028762.462, 558, 578, 105
1458664744,  48202, 3028762.859, 382, 558, 127
1458664745,  48202, 3028763.677, 624, 382, 119
1458664746,  48202, 3028764.253, 540, 624, 103
1458664746,  48202, 3028764.654, 519, 540, 113
1458664747,  48202, 3028765.453, 526, 519, 114
1458664747,  48202, 3028765.682, 544, 526, 112
1458664748,  48202, 3028766.481, 552, 544, 109
1458664749,  48202, 3028767.076, 572, 552, 106
1458664750,  48202, 3028768.057, 744, 572, 91
1458664750,  48202, 3028768.654, 876, 744, 74
1458664751,  48202, 3028769.481, 825, 876, 70
1458664751,  48202, 3028769.858, 3333, 514, 31
1458664752,  48202, 3028770.282, 787, 825, 74
1458664752,  48202, 3028770.877, 735, 787, 78
1458664753,  48202, 3028771.66, 647, 735, 86
1458664754,  48202, 3028772.054, 647, 647, 92
1458664755,  48202, 3028773.078, 656, 647, 92
1458664755,  48202, 3028773.658, 650, 656, 91
1458664756,  48202, 3028774.253, 648, 650, 92
1458664756,  48202, 3028774.86, 761, 648, 85
1458664757,  48202, 3028775.859, 774, 761, 78
1458664758,  48202, 3028776.478, 731, 774, 79
1458664759,  48202, 3028777.275, 787, 731, 79
1458664760,  48202, 3028778.082, 826, 787, 74
1458664760,  48202, 3028778.881, 825, 826, 72
1458664761,  48202, 3028779.855, 787, 825, 74
1458664762,  48202, 3028780.464, 836, 787, 73
1458664763,  48202, 3028781.458, 787, 836, 73
1458664764,  48202, 3028782.277, 857, 787, 72
1458664765,  48202, 3028783.255, 894, 857, 68
1458664766,  48202, 3028784.255, 843, 894, 69
1458664767,  48202, 3028785.062, 868, 843, 70
1458664767,  48202, 3028785.678, 875, 868, 68
1458664768,  48202, 3028786.455, 793, 875, 71
1458664769,  48202, 3028787.459, 848, 793, 73
1458664770,  48202, 3028788.261, 842, 848, 71
1458664770,  48202, 3028788.856, 801, 842, 73
1458664771,  48202, 3028789.679, 796, 801, 75
1458664772,  48202, 3028790.655, 761, 796, 77
1458664773,  48202, 3028791.26, 827, 761, 75
1458664774,  48202, 3028792.077, 772, 827, 75
1458664774,  48202, 3028792.884, 792, 772, 76
1458664775,  48202, 3028793.855, 826, 792, 74
1458664776,  48202, 3028794.461, 748, 826, 76
1458664777,  48202, 3028795.259, 727, 748, 81
1458664778,  48202, 3028796.277, 771, 727, 80
1458664778,  48202, 3028796.661, 799, 771, 76
1458664779,  48202, 3028797.463, 763, 799, 76
1458664780,  48202, 3028798.458, 811, 763, 76
1458664781,  48202, 3028799.063, 791, 811, 74
1458664782,  48202, 3028800.061, 726, 791, 79
1458664782,  48202, 3028800.458, 754, 726, 81
1458664783,  48202, 3028801.28, 725, 754, 81
1458664783,  48202, 3028801.858, 706, 725, 83
1458664784,  48202, 3028802.655, 710, 706, 84
1458664785,  48202, 3028803.462, 681, 710, 86
1458664786,  48202, 3028804.083, 676, 681, 88
1458664786,  48202, 3028804.678, 674, 676, 88
1458664787,  48202, 3028805.455, 696, 674, 87
1458664788,  48202, 3028806.263, 698, 696, 86
1458664788,  48202, 3028806.884, 693, 698, 86
1458664789,  48202, 3028807.481, 688, 693, 86
1458664790,  48202, 3028808.479, 652, 688, 89
1458664790,  48202, 3028808.661, 628, 652, 93
1458664791,  48202, 3028809.255, 606, 628, 97
1458664792,  48202, 3028810.059, 580, 606, 101
1458664792,  48202, 3028810.659, 570, 580, 104
1458664793,  48202, 3028811.083, 570, 570, 105
1458664793,  48202, 3028811.456, 582, 570, 104
1458664794,  48202, 3028812.061, 577, 582, 103
1458664794,  48202, 3028812.885, 559, 577, 105
1458664795,  48202, 3028813.483, 554, 559, 107
1458664795,  48202, 3028813.857, 578, 554, 106
1458664796,  48202, 3028814.663, 610, 578, 101
1458664797,  48202, 3028815.255, 616, 610, 97
1458664797,  48202, 3028815.681, 612, 616, 97
1458664798,  48202, 3028816.46, 677, 612, 93
1458664799,  48202, 3028817.056, 731, 677, 85
1458664800,  48202, 3028818.084, 667, 731, 85
1458664800,  48202, 3028818.478, 651, 667, 91
1458664801,  48202, 3028819.259, 686, 651, 89
1458664801,  48202, 3028819.861, 687, 686, 87
1458664802,  48202, 3028820.484, 664, 687, 88
1458664803,  48202, 3028821.285, 707, 664, 87
1458664806,  48202, 3028824.06, 797, 723, 78
1458664806,  48202, 3028824.456, 740, 797, 78
1458664806,  48202, 3028824.879, 727, 740, 81
1458664807,  48202, 3028825.856, 722, 727, 82
1458664808,  48202, 3028826.457, 676, 722, 85
1458664809,  48202, 3028827.059, 665, 676, 89
1458664809,  48202, 3028827.879, 706, 665, 87
1458664810,  48202, 3028828.662, 816, 706, 78
1458664811,  48202, 3028829.461, 776, 816, 75
1458664811,  48202, 3028829.857, 3589, 514, 29
1458664812,  48202, 3028830.079, 821, 776, 75
1458664812,  48202, 3028830.859, 742, 821, 76
1458664813,  48202, 3028831.686, 672, 742, 84
1458664814,  48202, 3028832.665, 739, 672, 85
1458664815,  48202, 3028833.287, 746, 739, 80
1458664815,  48202, 3028833.665, 737, 746, 80
1458664816,  48202, 3028834.66, 672, 737, 85
1458664817,  48202, 3028835.064, 665, 672, 89
1458664818,  48202, 3028836.082, 728, 665, 86
1458664818,  48202, 3028836.68, 748, 728, 81
1458664819,  48202, 3028837.284, 714, 748, 82
1458664820,  48202, 3028838.257, 723, 714, 83
1458664820,  48202, 3028838.865, 715, 723, 83
1458664821,  48202, 3028839.26, 680, 715, 86
1458664821,  48202, 3028839.859, 655, 680, 89
1458664822,  48202, 3028840.685, 617, 655, 94
1458664823,  48202, 3028841.686, 608, 617, 98
1458664824,  48202, 3028842.262, 606, 608, 98
1458664824,  48202, 3028842.484, 621, 606, 97
1458664825,  48202, 3028843.482, 682, 621, 92
1458664826,  48202, 3028844.061, 736, 682, 84
1458664826,  48202, 3028844.666, 757, 736, 80
1458664827,  48202, 3028845.662, 746, 757, 79
1458664828,  48202, 3028846.287, 727, 746, 81
1458664828,  48202, 3028846.885, 699, 727, 84
1458664829,  48202, 3028847.66, 678, 699, 87
1458664830,  48202, 3028848.063, 641, 678, 91
1458664830,  48202, 3028848.679, 620, 641, 95
1458664831,  48202, 3028849.464, 603, 620, 98
1458664832,  48202, 3028850.064, 609, 603, 99
1458664832,  48202, 3028850.884, 656, 609, 94
1458664833,  48202, 3028851.268, 687, 656, 89
1458664834,  48202, 3028852.257, 706, 687, 86
1458664834,  48202, 3028852.867, 714, 706, 84
1458664835,  48202, 3028853.462, 767, 714, 81
1458664836,  48202, 3028854.059, 734, 767, 80
1458664837,  48202, 3028855.484, 773, 734, 79
1458664837,  48202, 3028855.658, 742, 773, 79
1458664838,  48202, 3028856.461, 725, 742, 81
1458664839,  48202, 3028857.26, 692, 725, 84
1458664839,  48202, 3028857.865, 682, 692, 87
1458664840,  48202, 3028858.685, 659, 682, 89
1458664841,  48202, 3028859.063, 654, 659, 91
1458664842,  48202, 3028860.085, 670, 654, 90
1458664842,  48202, 3028860.66, 662, 670, 90
1458664843,  48202, 3028861.086, 694, 662, 88
1458664843,  48202, 3028861.865, 683, 694, 87
1458664844,  48202, 3028862.465, 681, 683, 87
1458664845,  48202, 3028863.46, 650, 681, 90
1458664845,  48202, 3028863.864, 643, 650, 92
1458664846,  48202, 3028864.682, 637, 643, 93
1458664847,  48202, 3028865.66, 638, 623, 95
1458664848,  48202, 3028866.67, 659, 638, 92
1458664849,  48202, 3028867.059, 654, 659, 91
1458664849,  48202, 3028867.667, 629, 654, 93
1458664850,  48202, 3028868.487, 626, 629, 95
1458664850,  48202, 3028868.881, 615, 626, 96
1458664851,  48202, 3028869.485, 610, 615, 98
1458664852,  48202, 3028870.259, 624, 610, 97
1458664852,  48202, 3028870.864, 658, 624, 93
1458664853,  48202, 3028871.683, 669, 658, 90
1458664854,  48202, 3028872.06, 673, 669, 89
1458664855,  48202, 3028873.064, 662, 673, 89
1458664855,  48202, 3028873.659, 677, 662, 89
1458664856,  48202, 3028874.265, 690, 677, 87
1458664856,  48202, 3028874.86, 668, 690, 88
1458664857,  48202, 3028875.463, 630, 668, 92
1458664858,  48202, 3028876.464, 624, 630, 95
1458664858,  48202, 3028876.687, 596, 624, 98
1458664859,  48202, 3028877.282, 588, 596, 101
1458664859,  48202, 3028877.888, 586, 588, 102
1458664860,  48202, 3028878.66, 585, 586, 102
1458664861,  48202, 3028879.266, 610, 585, 100
1458664861,  48202, 3028879.662, 646, 610, 95
1458664862,  48202, 3028880.459, 653, 646, 92
1458664863,  48202, 3028881.064, 634, 653, 93
1458664863,  48202, 3028881.459, 605, 634, 96
1458664864,  48202, 3028882.069, 591, 605, 100
1458664864,  48202, 3028882.66, 581, 591, 102
1458664865,  48202, 3028883.268, 567, 581, 104
1458664865,  48202, 3028883.859, 562, 567, 106
1458664866,  48202, 3028884.488, 570, 562, 106
1458664867,  48202, 3028885.067, 574, 570, 104
1458664867,  48202, 3028885.469, 560, 574, 105
1458664868,  48202, 3028886.064, 558, 560, 107
1458664868,  48202, 3028886.682, 579, 558, 105
1458664869,  48202, 3028887.488, 594, 579, 102
1458664869,  48202, 3028887.862, 616, 594, 99
1458664870,  48202, 3028888.46, 595, 616, 99
1458664871,  48202, 3028889.262, 557, 595, 104
1458664871,  48202, 3028889.486, 548, 557, 108
1458664871,  48202, 3028889.86, 3845, 514, 27
1458664872,  48202, 3028890.086, 531, 548, 111
1458664872,  48202, 3028890.667, 543, 531, 111
1458664873,  48202, 3028891.067, 521, 543, 112
1458664873,  48202, 3028891.687, 509, 521, 116
1458664874,  48202, 3028892.062, 517, 509, 116
1458664875,  48202, 3028893.069, 543, 517, 113
1458664875,  48202, 3028893.468, 659, 543, 99
1458664876,  48202, 3028894.469, 727, 659, 86
1458664876,  48202, 3028894.863, 361, 666, 116
1458664877,  48202, 3028895.689, 342, 361, 170
1458664878,  48202, 3028896.662, 737, 342, 111
1458664879,  48202, 3028897.267, 747, 737, 80
1458664880,  48202, 3028898.084, 669, 747, 84
1458664880,  48202, 3028898.468, 713, 669, 86
1458664881,  48202, 3028899.065, 689, 713, 85
1458664881,  48202, 3028899.685, 641, 689, 90
1458664882,  48202, 3028900.461, 655, 641, 92
1458664883,  48202, 3028901.267, 643, 655, 92
1458664883,  48202, 3028901.869, 621, 643, 94
1458664884,  48202, 3028902.262, 637, 621, 95
1458664884,  48202, 3028902.867, 642, 637, 93
1458664885,  48202, 3028903.686, 627, 642, 94
1458664886,  48202, 3028904.288, 639, 627, 94
1458664887,  48202, 3028905.061, 656, 639, 92
1458664887,  48202, 3028905.663, 647, 656, 92
1458664888,  48202, 3028906.261, 638, 647, 93
1458664888,  48202, 3028906.866, 664, 638, 92
1458664889,  48202, 3028907.463, 702, 664, 87
1458664890,  48202, 3028908.262, 685, 702, 86
1458664891,  48202, 3028909.086, 694, 685, 87
1458664891,  48202, 3028909.661, 713, 694, 85
1458664892,  48202, 3028910.267, 678, 713, 86
1458664893,  48202, 3028911.085, 660, 678, 89
1458664893,  48202, 3028911.89, 679, 660, 89
1458664894,  48202, 3028912.486, 655, 679, 89
1458664895,  48202, 3028913.09, 707, 655, 88
1458664895,  48202, 3028913.888, 716, 707, 84
1458664896,  48202, 3028914.261, 654, 716, 87
1458664897,  48202, 3028915.27, 644, 654, 92
1458664897,  48202, 3028915.664, 610, 644, 95
1458664898,  48202, 3028916.264, 605, 610, 98
1458664899,  48202, 3028917.071, 614, 605, 98
1458664899,  48202, 3028917.467, 630, 614, 96
1458664900,  48202, 3028918.064, 640, 630, 94
1458664900,  48202, 3028918.661, 621, 640, 95
1458664901,  48202, 3028919.468, 620, 621, 96
1458664901,  48202, 3028919.862, 628, 620, 96
1458664902,  48202, 3028920.862, 637, 628, 94
1458664903,  48202, 3028921.286, 623, 637, 95
1458664904,  48202, 3028922.064, 641, 623, 94
1458664904,  48202, 3028922.67, 663, 641, 92
1458664905,  48202, 3028923.264, 645, 663, 91
1458664905,  48202, 3028923.869, 680, 645, 90
1458664906,  48202, 3028924.864, 687, 680, 87
1458664907,  48202, 3028925.47, 662, 687, 89
1458664908,  48202, 3028926.065, 683, 662, 89
1458664908,  48202, 3028926.872, 674, 683, 88
1458664909,  48202, 3028927.286, 653, 674, 90
1458664909,  48202, 3028927.864, 676, 653, 90
1458664910,  48202, 3028928.662, 676, 676, 88
1458664911,  48202, 3028929.268, 647, 676, 90
1458664912,  48202, 3028930.093, 646, 647, 92
1458664912,  48202, 3028930.662, 668, 646, 91
1458664913,  48202, 3028931.471, 698, 668, 87
1458664914,  48202, 3028932.091, 688, 698, 86
1458664914,  48202, 3028932.685, 709, 688, 85
1458664915,  48202, 3028933.488, 743, 709, 82
1458664916,  48202, 3028934.265, 688, 743, 83
1458664916,  48202, 3028934.888, 692, 688, 86
1458664917,  48202, 3028935.488, 715, 692, 85
1458664918,  48202, 3028936.468, 670, 715, 86
1458664919,  48202, 3028937.268, 686, 670, 88
1458664919,  48202, 3028937.868, 724, 686, 85
1458664920,  48202, 3028938.291, 692, 724, 84
1458664920,  48202, 3028938.887, 676, 692, 87
1458664921,  48202, 3028939.862, 685, 676, 88
1458664922,  48202, 3028940.263, 670, 685, 88
1458664923,  48202, 3028941.091, 690, 670, 88
1458664923,  48202, 3028941.688, 705, 690, 86
1458664924,  48202, 3028942.292, 652, 705, 88
1458664924,  48202, 3028942.888, 624, 652, 94
1458664925,  48202, 3028943.463, 627, 624, 96
1458664926,  48202, 3028944.463, 632, 627, 95
1458664926,  48202, 3028944.887, 628, 632, 95
1458664927,  48202, 3028945.492, 610, 628, 96
1458664927,  48202, 3028945.87, 570, 610, 101
1458664928,  48202, 3028946.669, 555, 570, 106
1458664929,  48202, 3028947.293, 565, 555, 107
1458664929,  48202, 3028947.667, 593, 565, 103
1458664930,  48202, 3028948.47, 591, 593, 101
1458664931,  48202, 3028949.089, 585, 591, 102
1458664931,  48202, 3028949.469, 605, 585, 100
1458664931,  48202, 3028949.693, 4101, 514, 26
1458664932,  48202, 3028950.27, 684, 605, 93
1458664932,  48202, 3028950.866, 755, 684, 83
1458664933,  48202, 3028951.864, 660, 755, 84
1458664934,  48202, 3028952.291, 641, 660, 92
1458664934,  48202, 3028952.887, 645, 641, 93
1458664935,  48202, 3028953.489, 651, 645, 92
1458664936,  48202, 3028954.29, 669, 651, 90
1458664937,  48202, 3028955.087, 692, 669, 88
1458664937,  48202, 3028955.665, 679, 692, 87
1458664938,  48202, 3028956.469, 655, 679, 89
1458664938,  48202, 3028956.866, 653, 655, 91
1458664939,  48202, 3028957.474, 629, 653, 93
1458664940,  48202, 3028958.087, 627, 629, 95
1458664940,  48202, 3028958.893, 621, 627, 96
1458664941,  48202, 3028959.287, 614, 621, 97
1458664942,  48202, 3028960.273, 621, 614, 97
1458664942,  48202, 3028960.673, 646, 621, 94
1458664943,  48202, 3028961.289, 660, 646, 91
1458664943,  48202, 3028961.864, 645, 660, 92
1458664944,  48202, 3028962.471, 632, 645, 94
1458664945,  48202, 3028963.469, 617, 632, 96
1458664945,  48202, 3028963.873, 615, 617, 97
1458664946,  48202, 3028964.665, 622, 615, 97
1458664947,  48202, 3028965.27, 631, 622, 95
1458664947,  48202, 3028965.694, 623, 631, 95
1458664948,  48202, 3028966.273, 615, 623, 96
1458664948,  48202, 3028966.888, 609, 615, 98
1458664949,  48202, 3028967.469, 593, 609, 99
1458664950,  48202, 3028968.066, 584, 593, 102
1458664950,  48202, 3028968.671, 581, 584, 103
1458664951,  48202, 3028969.288, 593, 581, 102
1458664951,  48202, 3028969.864, 610, 593, 99
1458664952,  48202, 3028970.464, 642, 610, 95
1458664953,  48202, 3028971.268, 666, 642, 91
1458664953,  48202, 3028971.873, 659, 666, 90
1458664954,  48202, 3028972.665, 708, 659, 87
1458664955,  48202, 3028973.287, 693, 708, 85
1458664956,  48202, 3028974.071, 671, 693, 87
1458664956,  48202, 3028974.488, 655, 671, 90
1458664957,  48202, 3028975.087, 637, 655, 92
1458664957,  48202, 3028975.864, 623, 637, 95
1458664958,  48202, 3028976.668, 611, 623, 97
1458664959,  48202, 3028977.274, 604, 611, 98
1458664959,  48202, 3028977.67, 584, 604, 101
1458664960,  48202, 3028978.265, 578, 584, 103
1458664960,  48202, 3028978.689, 568, 578, 104
1458664961,  48202, 3028979.267, 568, 568, 105
1458664961,  48202, 3028979.891, 563, 568, 106
1458664962,  48202, 3028980.473, 558, 563, 107
1458664963,  48202, 3028981.089, 554, 558, 107
1458664963,  48202, 3028981.467, 550, 554, 108
1458664964,  48202, 3028982.073, 541, 550, 110
1458664964,  48202, 3028982.466, 535, 541, 111
1458664965,  48202, 3028983.273, 532, 535, 112
1458664965,  48202, 3028983.889, 533, 532, 112
1458664966,  48202, 3028984.273, 536, 533, 112
1458664966,  48202, 3028984.892, 547, 536, 110
1458664967,  48202, 3028985.266, 551, 547, 109
1458664968,  48202, 3028986.072, 562, 551, 107
1458664968,  48202, 3028986.673, 572, 562, 105
1458664969,  48202, 3028987.072, 569, 572, 105
1458664969,  48202, 3028987.467, 566, 569, 105
1458664970,  48202, 3028988.292, 557, 566, 106
1458664970,  48202, 3028988.875, 553, 557, 108
1458664971,  48202, 3028989.272, 546, 553, 109
1458664971,  48202, 3028989.89, 539, 546, 110
1458664972,  48202, 3028990.268, 532, 539, 112
1458664972,  48202, 3028990.666, 527, 532, 113
1458664973,  48202, 3028991.274, 525, 527, 114
1458664974,  48202, 3028992.091, 522, 525, 114
1458664974,  48202, 3028992.273, 521, 522, 115
1458664975,  48202, 3028993.095, 523, 521, 114
1458664975,  48202, 3028993.267, 516, 523, 115
1458664975,  48202, 3028993.865, 523, 516, 115
1458664976,  48202, 3028994.466, 517, 523, 115
1458664976,  48202, 3028994.891, 517, 517, 116
1458664977,  48202, 3028995.468, 523, 517, 115
1458664977,  48202, 3028995.87, 521, 523, 114
1458664978,  48202, 3028996.87, 519, 521, 115
1458664979,  48202, 3028997.296, 515, 519, 116
1458664979,  48202, 3028997.67, 518, 515, 116
1458664980,  48202, 3028998.274, 519, 518, 115
1458664980,  48202, 3028998.668, 515, 519, 116
1458664981,  48202, 3028999.073, 512, 515, 116
1458664981,  48202, 3028999.469, 514, 512, 116
1458664982,  48202, 3029000.069, 508, 514, 117
1458664982,  48202, 3029000.494, 502, 508, 118
1458664983,  48202, 3029001.292, 493, 502, 120
1458664983,  48202, 3029001.473, 495, 493, 121
1458664984,  48202, 3029002.293, 488, 495, 122
1458664984,  48202, 3029002.475, 489, 488, 122
1458664985,  48202, 3029003.095, 485, 489, 123
1458664985,  48202, 3029003.691, 488, 485, 123
1458664986,  48202, 3029004.074, 484, 488, 123
1458664986,  48202, 3029004.689, 478, 484, 124
1458664987,  48202, 3029005.073, 461, 478, 127
1458664987,  48202, 3029005.295, 453, 461, 131
1458664988,  48202, 3029006.272, 457, 465, 130
1458664988,  48202, 3029006.884, 447, 457, 132
1458664989,  48202, 3029007.066, 450, 447, 133
1458664990,  48202, 3029008.067, 460, 450, 131
1458664990,  48202, 3029008.49, 497, 460, 125
1458664990,  48202, 3029008.869, 535, 497, 116
1458664991,  48202, 3029009.27, 545, 535, 111
1458664991,  48202, 3029009.874, 553, 545, 109
1458664992,  48202, 3029010.671, 618, 553, 102
1458664993,  48202, 3029011.291, 724, 618, 89
1458664994,  48202, 3029012.068, 743, 724, 81
1458664995,  48202, 3029013.075, 690, 743, 83
1458664995,  48202, 3029013.469, 645, 690, 89
1458664996,  48202, 3029014.07, 717, 645, 88
1458664996,  48202, 3029014.893, 709, 717, 84
1458664997,  48202, 3029015.878, 693, 709, 85
1458664998,  48202, 3029016.271, 629, 693, 90
1458664998,  48202, 3029016.676, 586, 629, 98
1458664999,  48202, 3029017.073, 574, 586, 103
1458664999,  48202, 3029017.691, 564, 574, 105
1458665000,  48202, 3029018.467, 592, 564, 103
1458665001,  48202, 3029019.474, 380, 679, 113
1458665001,  48202, 3029019.889, 339, 380, 167
1458665002,  48202, 3029020.469, 703, 339, 115
1458665003,  48202, 3029021.267, 687, 703, 86
1458665003,  48202, 3029021.872, 634, 687, 90
1458665004,  48202, 3029022.67, 624, 634, 95
1458665005,  48202, 3029023.095, 624, 624, 96
1458665005,  48202, 3029023.695, 607, 624, 97
1458665006,  48202, 3029024.294, 609, 607, 98
1458665007,  48202, 3029025.091, 621, 609, 97
1458665007,  48202, 3029025.495, 594, 621, 98
1458665008,  48202, 3029026.071, 594, 594, 101
1458665008,  48202, 3029026.877, 603, 594, 100
1458665009,  48202, 3029027.294, 586, 603, 101
1458665009,  48202, 3029027.9, 601, 586, 101
1458665010,  48202, 3029028.667, 617, 601, 98
1458665011,  48202, 3029029.272, 598, 617, 98
1458665011,  48202, 3029029.678, 596, 598, 100
1458665012,  48202, 3029030.498, 620, 596, 98
1458665013,  48202, 3029031.093, 634, 620, 95
1458665013,  48202, 3029031.668, 624, 634, 95
1458665014,  48202, 3029032.671, 649, 624, 94
1458665014,  48202, 3029032.894, 677, 649, 90
1458665015,  48202, 3029033.493, 641, 677, 91
1458665016,  48202, 3029034.27, 642, 641, 93
1458665016,  48202, 3029034.869, 656, 642, 92
1458665017,  48202, 3029035.672, 631, 656, 93
1458665018,  48202, 3029036.096, 630, 631, 95
1458665019,  48202, 3029037.097, 680, 630, 91
1458665019,  48202, 3029037.669, 661, 680, 89
1458665020,  48202, 3029038.093, 631, 661, 92
1458665020,  48202, 3029038.87, 625, 631, 95
1458665021,  48202, 3029039.468, 599, 625, 98
1458665021,  48202, 3029039.892, 600, 599, 100
1458665022,  48202, 3029040.494, 604, 600, 99
1458665023,  48202, 3029041.071, 593, 604, 100
1458665023,  48202, 3029041.677, 599, 593, 100
1458665024,  48202, 3029042.297, 614, 599, 99
1458665024,  48202, 3029042.878, 603, 614, 98
1458665025,  48202, 3029043.476, 631, 603, 97
1458665026,  48202, 3029044.071, 650, 631, 93
1458665026,  48202, 3029044.878, 621, 650, 94
1458665027,  48202, 3029045.896, 623, 621, 96
1458665028,  48202, 3029046.068, 641, 623, 94
1458665028,  48202, 3029046.673, 612, 641, 95
1458665029,  48202, 3029047.27, 604, 612, 98
1458665029,  48202, 3029047.875, 623, 604, 97
1458665030,  48202, 3029048.478, 607, 623, 97
1458665031,  48202, 3029049.07, 595, 607, 99
1458665031,  48202, 3029049.668, 595, 595, 100
1458665032,  48202, 3029050.474, 595, 595, 100
1458665033,  48202, 3029051.079, 595, 595, 100
1458665033,  48202, 3029051.472, 605, 595, 100
1458665034,  48202, 3029052.276, 605, 605, 99
1458665034,  48202, 3029052.895, 602, 605, 99
1458665035,  48202, 3029053.278, 630, 602, 97
1458665036,  48202, 3029054.069, 621, 630, 96
1458665036,  48202, 3029054.674, 610, 621, 97
1458665037,  48202, 3029055.297, 636, 610, 96
1458665038,  48202, 3029056.097, 659, 636, 92
1458665038,  48202, 3029056.479, 641, 659, 92
1458665039,  48202, 3029057.096, 634, 641, 94
1458665039,  48202, 3029057.892, 664, 634, 92
1458665040,  48202, 3029058.473, 655, 664, 91
1458665041,  48202, 3029059.073, 657, 655, 91
1458665041,  48202, 3029059.871, 678, 657, 89
1458665042,  48202, 3029060.677, 654, 678, 90
1458665043,  48202, 3029061.477, 658, 654, 91
1458665043,  48202, 3029061.671, 648, 658, 91
1458665044,  48202, 3029062.475, 615, 648, 95
1458665045,  48202, 3029063.073, 603, 615, 98
1458665045,  48202, 3029063.497, 604, 603, 99
1458665046,  48202, 3029064.072, 601, 604, 99
1458665046,  48202, 3029064.898, 616, 601, 98
1458665047,  48202, 3029065.493, 644, 616, 95
1458665048,  48202, 3029066.273, 616, 644, 95
1458665048,  48202, 3029066.697, 608, 616, 98
1458665049,  48202, 3029067.674, 596, 608, 99
1458665050,  48202, 3029068.071, 579, 596, 102
1458665050,  48202, 3029068.471, 591, 579, 102
1458665051,  48202, 3029069.098, 576, 591, 102
1458665051,  48202, 3029069.473, 560, 576, 105
1458665051,  48202, 3029069.9, 4613, 514, 23
1458665052,  48202, 3029070.273, 569, 560, 106
1458665052,  48202, 3029070.495, 565, 569, 105
1458665053,  48202, 3029071.271, 574, 565, 105
1458665053,  48202, 3029071.872, 567, 574, 105
1458665054,  48202, 3029072.3, 560, 567, 106
1458665055,  48202, 3029073.074, 562, 560, 106
1458665055,  48202, 3029073.297, 523, 562, 110
1458665056,  48202, 3029074.078, 586, 523, 108
1458665056,  48202, 3029074.676, 546, 586, 106
1458665056,  48202, 3029074.87, 413, 546, 125
1458665057,  48202, 3029075.477, 478, 413, 134
1458665058,  48202, 3029076.07, 576, 478, 113
1458665058,  48202, 3029076.494, 666, 576, 96
1458665058,  48202, 3029076.88, 458, 666, 106
1458665059,  48202, 3029077.495, 467, 458, 129
1458665060,  48202, 3029078.07, 471, 467, 127
1458665060,  48202, 3029078.879, 496, 471, 124
1458665061,  48202, 3029079.279, 617, 496, 107
1458665061,  48202, 3029079.675, 586, 617, 99
1458665062,  48202, 3029080.07, 514, 586, 109
1458665062,  48202, 3029080.696, 515, 514, 116
1458665063,  48202, 3029081.473, 511, 515, 116
1458665063,  48202, 3029081.67, 516, 511, 116
1458665064,  48202, 3029082.497, 507, 516, 117
1458665064,  48202, 3029082.88, 511, 507, 117
1458665065,  48202, 3029083.277, 439, 328, 156
1458665065,  48202, 3029083.873, 276, 439, 168
1458665066,  48202, 3029084.296, 518, 276, 151
1458665066,  48202, 3029084.872, 520, 518, 115
1458665067,  48202, 3029085.478, 523, 520, 115
1458665067,  48202, 3029085.674, 530, 523, 114
1458665068,  48202, 3029086.697, 524, 530, 113
1458665069,  48202, 3029087.071, 516, 524, 115
1458665069,  48202, 3029087.676, 500, 512, 118
1458665070,  48202, 3029088.473, 326, 500, 145
1458665070,  48202, 3029088.898, 456, 326, 153
1458665071,  48202, 3029089.477, 609, 456, 112
1458665072,  48202, 3029090.077, 552, 609, 103
1458665072,  48202, 3029090.501, 500, 552, 114
1458665072,  48202, 3029090.874, 457, 500, 125
1458665073,  48202, 3029091.674, 539, 457, 120
1458665073,  48202, 3029091.898, 516, 539, 113
1458665074,  48202, 3029092.272, 420, 516, 128
1458665075,  48202, 3029093.073, 510, 420, 129
1458665076,  48202, 3029094.082, 608, 605, 99
1458665076,  48202, 3029094.901, 544, 608, 104
1458665077,  48202, 3029095.073, 533, 544, 111
1458665077,  48202, 3029095.673, 523, 533, 113
1458665078,  48202, 3029096.279, 516, 523, 115
1458665078,  48202, 3029096.674, 507, 516, 117
1458665079,  48202, 3029097.299, 502, 507, 119
1458665079,  48202, 3029097.672, 501, 502, 119
1458665080,  48202, 3029098.279, 495, 501, 120
1458665080,  48202, 3029098.675, 490, 495, 121
1458665080,  48202, 3029098.872, 496, 490, 121
1458665081,  48202, 3029099.695, 498, 496, 120
1458665082,  48202, 3029100.497, 503, 498, 120
1458665082,  48202, 3029100.679, 506, 503, 119
1458665083,  48202, 3029101.276, 510, 506, 118
1458665083,  48202, 3029101.472, 508, 510, 117
1458665084,  48202, 3029102.28, 505, 508, 118
1458665085,  48202, 3029103.276, 507, 509, 118
1458665085,  48202, 3029103.498, 432, 507, 127
1458665086,  48202, 3029104.274, 600, 432, 116
1458665087,  48202, 3029105.073, 522, 600, 106
1458665087,  48202, 3029105.296, 524, 522, 114
1458665088,  48202, 3029106.076, 508, 524, 116
1458665088,  48202, 3029106.299, 507, 508, 118
1458665088,  48202, 3029106.874, 506, 507, 118
1458665089,  48202, 3029107.479, 498, 506, 119
1458665089,  48202, 3029107.873, 495, 498, 120
1458665090,  48202, 3029108.481, 501, 495, 120
1458665090,  48202, 3029108.897, 512, 501, 118
1458665091,  48202, 3029109.701, 524, 512, 115
1458665091,  48202, 3029109.873, 558, 524, 110
1458665092,  48202, 3029110.68, 560, 558, 107
1458665093,  48202, 3029111.296, 584, 560, 104
1458665093,  48202, 3029111.895, 613, 584, 100
1458665094,  48202, 3029112.676, 648, 613, 95
1458665095,  48202, 3029113.073, 617, 648, 94
1458665096,  48202, 3029114.074, 623, 617, 96
1458665096,  48202, 3029114.473, 746, 623, 87
1458665097,  48202, 3029115.273, 726, 746, 81
1458665097,  48202, 3029115.881, 626, 726, 88
1458665098,  48202, 3029116.274, 616, 626, 96
1458665098,  48202, 3029116.899, 608, 616, 98
1458665099,  48202, 3029117.473, 589, 608, 100
1458665100,  48202, 3029118.079, 584, 589, 102
1458665100,  48202, 3029118.675, 583, 584, 102
1458665101,  48202, 3029119.473, 570, 583, 104
1458665101,  48202, 3029119.877, 564, 570, 105
1458665102,  48202, 3029120.482, 564, 564, 106
1458665102,  48202, 3029120.879, 555, 564, 107
1458665103,  48202, 3029121.474, 551, 555, 108
1458665104,  48202, 3029122.074, 554, 551, 108
1458665104,  48202, 3029122.676, 544, 554, 109
1458665105,  48202, 3029123.101, 544, 544, 110
1458665105,  48202, 3029123.695, 548, 544, 109
1458665106,  48202, 3029124.304, 545, 548, 109
1458665106,  48202, 3029124.685, 542, 545, 110
1458665107,  48202, 3029125.274, 545, 542, 110
1458665107,  48202, 3029125.877, 561, 545, 108
1458665108,  48202, 3029126.482, 563, 561, 106
1458665109,  48202, 3029127.098, 557, 563, 107
1458665109,  48202, 3029127.698, 571, 557, 106
1458665110,  48202, 3029128.276, 599, 571, 102
1458665111,  48202, 3029129.283, 595, 599, 100
1458665111,  48202, 3029129.676, 4869, 514, 22
1458665111,  48202, 3029129.898, 587, 595, 101
1458665112,  48202, 3029130.281, 603, 587, 100
1458665112,  48202, 3029130.676, 608, 603, 99
1458665113,  48202, 3029131.081, 587, 608, 100
1458665113,  48202, 3029131.676, 578, 587, 103
1458665114,  48202, 3029132.478, 594, 578, 102
1458665114,  48202, 3029132.876, 585, 594, 101
1458665115,  48202, 3029133.502, 589, 585, 102
1458665116,  48202, 3029134.281, 590, 589, 101
1458665116,  48202, 3029134.877, 571, 590, 103
1458665117,  48202, 3029135.281, 571, 571, 105
1458665118,  48202, 3029136.097, 583, 571, 103
1458665118,  48202, 3029136.677, 600, 583, 101
1458665119,  48202, 3029137.077, 613, 600, 99
1458665119,  48202, 3029137.677, 589, 613, 99
1458665120,  48202, 3029138.475, 582, 589, 102
1458665120,  48202, 3029138.898, 585, 582, 102
1458665121,  48202, 3029139.503, 602, 585, 101
1458665122,  48202, 3029140.475, 607, 602, 99
1458665122,  48202, 3029140.7, 589, 607, 100
1458665123,  48202, 3029141.274, 589, 589, 101
1458665124,  48202, 3029142.282, 594, 590, 101
1458665124,  48202, 3029142.897, 583, 594, 102
1458665125,  48202, 3029143.676, 595, 583, 101
1458665126,  48202, 3029144.499, 620, 595, 98
1458665127,  48202, 3029145.1, 613, 620, 97
1458665127,  48202, 3029145.483, 613, 613, 97
1458665128,  48202, 3029146.098, 617, 613, 97
1458665128,  48202, 3029146.703, 612, 617, 97
1458665129,  48202, 3029147.3, 638, 612, 96
1458665129,  48202, 3029147.876, 654, 638, 92
1458665130,  48202, 3029148.676, 637, 654, 93
1458665131,  48202, 3029149.679, 646, 637, 93
1458665132,  48202, 3029150.104, 662, 646, 91
1458665132,  48202, 3029150.479, 629, 662, 93
1458665133,  48202, 3029151.481, 630, 629, 95
1458665133,  48202, 3029151.897, 660, 630, 93
1458665134,  48202, 3029152.502, 645, 660, 92
1458665135,  48202, 3029153.304, 647, 645, 92
1458665135,  48202, 3029153.874, 646, 647, 92
1458665136,  48202, 3029154.685, 624, 646, 94
1458665137,  48202, 3029155.079, 606, 624, 97
1458665137,  48202, 3029155.684, 606, 606, 99
1458665138,  48202, 3029156.08, 598, 606, 99
1458665139,  48202, 3029157.078, 599, 598, 100
1458665139,  48202, 3029157.483, 617, 599, 98
1458665139,  48202, 3029157.877, 597, 617, 98
1458665140,  48202, 3029158.482, 568, 597, 103
1458665141,  48202, 3029159.077, 569, 568, 105
1458665141,  48202, 3029159.704, 559, 569, 106
1458665142,  48202, 3029160.276, 560, 559, 107
1458665142,  48202, 3029160.704, 549, 560, 108
1458665143,  48202, 3029161.279, 547, 549, 109
1458665144,  48202, 3029162.078, 531, 547, 111
1458665144,  48202, 3029162.703, 562, 531, 109
1458665145,  48202, 3029163.078, 623, 562, 101
1458665146,  48202, 3029164.084, 601, 623, 98
1458665146,  48202, 3029164.48, 584, 601, 101
1458665146,  48202, 3029164.679, 574, 584, 103
1458665147,  48202, 3029165.303, 576, 574, 104
1458665147,  48202, 3029165.904, 575, 576, 104
1458665148,  48202, 3029166.503, 572, 575, 104
1458665149,  48202, 3029167.078, 572, 572, 104
1458665149,  48202, 3029167.679, 568, 572, 105
1458665150,  48202, 3029168.279, 567, 568, 105
1458665150,  48202, 3029168.703, 563, 567, 106
1458665151,  48202, 3029169.703, 555, 563, 107
1458665152,  48202, 3029170.077, 541, 555, 109
1458665152,  48202, 3029170.3, 533, 541, 111
1458665152,  48202, 3029170.875, 527, 533, 113
1458665153,  48202, 3029171.48, 530, 527, 113
1458665153,  48202, 3029171.88, 523, 530, 114
1458665154,  48202, 3029172.485, 538, 523, 113
1458665155,  48202, 3029173.076, 543, 538, 111
1458665155,  48202, 3029173.678, 566, 543, 108
1458665156,  48202, 3029174.079, 575, 566, 105
1458665156,  48202, 3029174.677, 562, 575, 105
1458665157,  48202, 3029175.476, 562, 562, 106
1458665158,  48202, 3029176.504, 587, 565, 104
1458665159,  48202, 3029177.106, 588, 587, 102
1458665159,  48202, 3029177.906, 594, 588, 101
1458665160,  48202, 3029178.3, 604, 594, 100
1458665160,  48202, 3029178.9, 592, 604, 100
1458665161,  48202, 3029179.679, 584, 592, 102
1458665162,  48202, 3029180.276, 572, 584, 103
1458665162,  48202, 3029180.499, 552, 572, 106
1458665163,  48202, 3029181.084, 537, 552, 110
1458665163,  48202, 3029181.677, 532, 537, 112
1458665164,  48202, 3029182.101, 525, 532, 113
1458665164,  48202, 3029182.676, 520, 525, 114
1458665165,  48202, 3029183.101, 520, 520, 115
1458665165,  48202, 3029183.704, 522, 520, 115
1458665166,  48202, 3029184.302, 529, 522, 114
1458665166,  48202, 3029184.881, 521, 529, 114
1458665167,  48202, 3029185.305, 518, 521, 115
1458665167,  48202, 3029185.699, 525, 518, 115
1458665168,  48202, 3029186.285, 537, 525, 112
1458665169,  48202, 3029187.079, 537, 537, 111
1458665169,  48202, 3029187.302, 533, 537, 112
1458665169,  48202, 3029187.904, 527, 533, 113
1458665170,  48202, 3029188.479, 523, 527, 114
1458665170,  48202, 3029188.903, 515, 523, 115
1458665171,  48202, 3029189.476, 515, 515, 116
1458665171,  48202, 3029189.9, 5125, 514, 21
1458665172,  48202, 3029190.085, 506, 515, 117
1458665172,  48202, 3029190.487, 507, 506, 118
1458665172,  48202, 3029190.879, 498, 507, 119
1458665173,  48202, 3029191.706, 494, 498, 120
1458665173,  48202, 3029191.878, 486, 494, 122
1458665174,  48202, 3029192.679, 483, 486, 123
1458665174,  48202, 3029192.901, 482, 483, 124
1458665175,  48202, 3029193.279, 480, 482, 124
1458665176,  48202, 3029194.107, 482, 480, 124
1458665176,  48202, 3029194.686, 487, 482, 123
1458665177,  48202, 3029195.482, 481, 486, 124
1458665177,  48202, 3029195.705, 489, 481, 123
1458665178,  48202, 3029196.506, 490, 489, 122
1458665178,  48202, 3029196.678, 480, 490, 123
1458665179,  48202, 3029197.284, 485, 480, 124
1458665179,  48202, 3029197.881, 488, 485, 123
1458665180,  48202, 3029198.279, 484, 488, 123
1458665180,  48202, 3029198.703, 489, 484, 123
1458665181,  48202, 3029199.106, 488, 489, 122
1458665181,  48202, 3029199.702, 486, 488, 123
1458665182,  48202, 3029200.078, 487, 486, 123
1458665182,  48202, 3029200.687, 486, 487, 123
1458665183,  48202, 3029201.08, 489, 486, 123
1458665183,  48202, 3029201.887, 484, 489, 123
1458665184,  48202, 3029202.281, 483, 484, 124
1458665184,  48202, 3029202.505, 474, 483, 125
1458665185,  48202, 3029203.278, 468, 474, 127
1458665185,  48202, 3029203.502, 467, 468, 128
1458665185,  48202, 3029203.88, 469, 467, 128
1458665186,  48202, 3029204.487, 469, 469, 127
1458665187,  48202, 3029205.103, 466, 469, 128
1458665187,  48202, 3029205.285, 470, 466, 128
1458665188,  48202, 3029206.106, 459, 470, 129
1458665188,  48202, 3029206.278, 455, 459, 131
1458665188,  48202, 3029206.702, 460, 455, 131
1458665189,  48202, 3029207.504, 458, 460, 130
1458665189,  48202, 3029207.878, 461, 458, 130
1458665190,  48202, 3029208.102, 465, 461, 129
1458665191,  48202, 3029209.079, 469, 466, 128
1458665191,  48202, 3029209.503, 471, 469, 127
1458665192,  48202, 3029210.106, 467, 471, 127
1458665192,  48202, 3029210.705, 467, 467, 128
1458665193,  48202, 3029211.281, 471, 467, 127
1458665193,  48202, 3029211.704, 469, 471, 127
1458665193,  48202, 3029211.886, 470, 469, 127
1458665194,  48202, 3029212.501, 470, 470, 127
1458665195,  48202, 3029213.086, 473, 470, 127
1458665195,  48202, 3029213.487, 472, 473, 127
1458665195,  48202, 3029213.68, 468, 472, 127
1458665196,  48202, 3029214.287, 469, 468, 128
1458665196,  48202, 3029214.882, 472, 469, 127
1458665197,  48202, 3029215.306, 463, 472, 128
1458665197,  48202, 3029215.904, 472, 463, 128
1458665198,  48202, 3029216.278, 458, 472, 129
1458665198,  48202, 3029216.502, 452, 458, 131
1458665198,  48202, 3029216.885, 454, 452, 132
1458665199,  48202, 3029217.707, 450, 454, 132
1458665200,  48202, 3029218.08, 442, 450, 134
1458665200,  48202, 3029218.679, 452, 447, 133
1458665201,  48202, 3029219.284, 462, 452, 131
1458665201,  48202, 3029219.903, 482, 462, 127
1458665202,  48202, 3029220.502, 550, 482, 116
1458665203,  48202, 3029221.1, 578, 550, 106
1458665204,  48202, 3029222.479, 613, 636, 96
1458665204,  48202, 3029222.903, 542, 613, 103
1458665205,  48202, 3029223.278, 560, 542, 108
1458665206,  48202, 3029224.286, 582, 560, 105
1458665206,  48202, 3029224.682, 638, 582, 98
1458665207,  48202, 3029225.306, 681, 638, 91
1458665207,  48202, 3029225.883, 614, 681, 92
1458665208,  48202, 3029226.487, 594, 614, 99
1458665208,  48202, 3029226.881, 614, 594, 99
1458665209,  48202, 3029227.709, 608, 614, 98
1458665210,  48202, 3029228.304, 628, 608, 97
1458665210,  48202, 3029228.879, 595, 628, 98
1458665211,  48202, 3029229.703, 575, 595, 102
1458665212,  48202, 3029230.308, 586, 575, 103
1458665212,  48202, 3029230.681, 569, 586, 103
1458665213,  48202, 3029231.084, 565, 569, 105
1458665213,  48202, 3029231.685, 569, 565, 105
1458665214,  48202, 3029232.483, 562, 569, 106
1458665215,  48202, 3029233.089, 557, 562, 107
1458665215,  48202, 3029233.484, 559, 557, 107
1458665215,  48202, 3029233.88, 545, 559, 108
1458665216,  48202, 3029234.486, 545, 545, 110
1458665217,  48202, 3029235.282, 538, 545, 110
1458665217,  48202, 3029235.509, 527, 538, 112
1458665218,  48202, 3029236.28, 525, 527, 114
1458665218,  48202, 3029236.502, 532, 525, 113
1458665219,  48202, 3029237.082, 529, 532, 113
1458665219,  48202, 3029237.687, 525, 529, 113
1458665220,  48202, 3029238.309, 538, 525, 112
1458665220,  48202, 3029238.888, 553, 538, 110
1458665221,  48202, 3029239.48, 554, 553, 108
1458665221,  48202, 3029239.881, 553, 554, 108
1458665222,  48202, 3029240.487, 574, 553, 106
1458665223,  48202, 3029241.304, 574, 574, 104
1458665223,  48202, 3029241.687, 575, 574, 104
1458665224,  48202, 3029242.284, 594, 575, 102
1458665225,  48202, 3029243.683, 587, 585, 102
1458665225,  48202, 3029243.905, 602, 587, 101
1458665226,  48202, 3029244.683, 591, 602, 100
1458665227,  48202, 3029245.109, 591, 591, 101
1458665227,  48202, 3029245.705, 587, 591, 101
1458665228,  48202, 3029246.48, 560, 587, 104
1458665228,  48202, 3029246.882, 557, 560, 107
1458665229,  48202, 3029247.31, 554, 557, 108
1458665229,  48202, 3029247.905, 543, 554, 109
1458665230,  48202, 3029248.481, 547, 543, 110
1458665231,  48202, 3029249.282, 552, 547, 109
1458665231,  48202, 3029249.505, 548, 552, 109
1458665231,  48202, 3029249.688, 5381, 514, 20
1458665232,  48202, 3029250.082, 548, 548, 109
1458665232,  48202, 3029250.687, 546, 548, 109
1458665233,  48202, 3029251.509, 545, 546, 110
1458665233,  48202, 3029251.683, 550, 545, 109
1458665234,  48202, 3029252.28, 558, 550, 108
1458665234,  48202, 3029252.882, 553, 558, 108
1458665235,  48202, 3029253.488, 553, 553, 108
1458665235,  48202, 3029253.882, 556, 553, 108
1458665236,  48202, 3029254.709, 544, 556, 109
1458665237,  48202, 3029255.092, 546, 544, 110
1458665237,  48202, 3029255.682, 538, 546, 110
1458665238,  48202, 3029256.105, 533, 538, 112
1458665238,  48202, 3029256.704, 542, 533, 111
1458665239,  48202, 3029257.309, 539, 542, 111
1458665239,  48202, 3029257.889, 534, 539, 111
1458665240,  48202, 3029258.486, 542, 534, 111
1458665240,  48202, 3029258.882, 554, 542, 109
1458665241,  48202, 3029259.49, 552, 554, 108
1458665241,  48202, 3029259.904, 553, 552, 108
1458665242,  48202, 3029260.68, 554, 553, 108
1458665243,  48202, 3029261.288, 543, 554, 109
1458665243,  48202, 3029261.691, 548, 543, 110
1458665244,  48202, 3029262.309, 552, 548, 109
1458665244,  48202, 3029262.682, 547, 552, 109
1458665245,  48202, 3029263.509, 548, 547, 109
1458665245,  48202, 3029263.681, 545, 548, 109
1458665246,  48202, 3029264.487, 543, 545, 110
1458665246,  48202, 3029264.882, 543, 543, 110
1458665247,  48202, 3029265.482, 543, 543, 110
1458665248,  48202, 3029266.286, 538, 543, 111
1458665248,  48202, 3029266.508, 531, 538, 112
1458665249,  48202, 3029267.087, 533, 531, 112
1458665249,  48202, 3029267.683, 535, 533, 112
1458665250,  48202, 3029268.107, 531, 535, 112
1458665250,  48202, 3029268.682, 535, 531, 112
1458665251,  48202, 3029269.106, 543, 535, 111
1458665251,  48202, 3029269.681, 557, 543, 109
1458665252,  48202, 3029270.488, 543, 557, 109
1458665252,  48202, 3029270.891, 543, 543, 110
1458665253,  48202, 3029271.485, 546, 543, 110
1458665253,  48202, 3029271.885, 539, 546, 110
1458665254,  48202, 3029272.482, 539, 539, 111
1458665254,  48202, 3029272.883, 544, 539, 110
1458665255,  48202, 3029273.687, 534, 544, 111
1458665256,  48202, 3029274.69, 529, 536, 112
1458665258,  48202, 3029276.083, 527, 528, 113
1458665259,  48202, 3029277.889, 532, 535, 112
1458665260,  48202, 3029278.889, 536, 531, 112
1458665261,  48202, 3029279.283, 532, 536, 112
1458665261,  48202, 3029279.913, 528, 532, 113
1458665262,  48202, 3029280.485, 534, 528, 112
1458665263,  48202, 3029281.482, 536, 530, 112
1458665265,  48202, 3029283.884, 556, 547, 108
1458665266,  48202, 3029284.487, 551, 556, 108
1458665267,  48202, 3029285.892, 531, 549, 111
1458665270,  48202, 3029288.091, 542, 541, 110
1458665272,  48202, 3029290.486, 545, 546, 110
1458665273,  48202, 3029291.891, 559, 569, 106
1458665313,  48202, 3029331.687, 710, 676, 86
1458665315,  48202, 3029333.889, 740, 704, 83
1458665341,  48202, 3029359.696, 633, 698, 90
1458665343,  48202, 3029361.29, 663, 651, 91
1458665344,  48202, 3029362.295, 629, 663, 92
1458665344,  48202, 3029362.891, 621, 629, 96
1458665348,  48202, 3029366.293, 697, 740, 83
1458665348,  48202, 3029366.888, 715, 697, 84
